46471100;Lorne;Raama;Lorne.Raama@yopmail.com;Lorne.Raama@gmail.com;police officer
24260020;Ebonee;Hirsch;Ebonee.Hirsch@yopmail.com;Ebonee.Hirsch@gmail.com;police officer
83809141;Margarette;Tomasina;Margarette.Tomasina@yopmail.com;Margarette.Tomasina@gmail.com;worker
95296361;Joeann;Mozelle;Joeann.Mozelle@yopmail.com;Joeann.Mozelle@gmail.com;firefighter
15418949;Nollie;Tound;Nollie.Tound@yopmail.com;Nollie.Tound@gmail.com;worker
36433761;Brianna;Chrystel;Brianna.Chrystel@yopmail.com;Brianna.Chrystel@gmail.com;doctor
76653921;Keelia;Moseley;Keelia.Moseley@yopmail.com;Keelia.Moseley@gmail.com;doctor
41912551;Laurene;Warthman;Laurene.Warthman@yopmail.com;Laurene.Warthman@gmail.com;developer
23916251;Jenilee;Brenn;Jenilee.Brenn@yopmail.com;Jenilee.Brenn@gmail.com;doctor
33383452;Bertine;Ezar;Bertine.Ezar@yopmail.com;Bertine.Ezar@gmail.com;developer
93873511;Judy;Rossner;Judy.Rossner@yopmail.com;Judy.Rossner@gmail.com;developer
175386;Aili;Hubert;Aili.Hubert@yopmail.com;Aili.Hubert@gmail.com;doctor
36933189;Molli;Niccolo;Molli.Niccolo@yopmail.com;Molli.Niccolo@gmail.com;police officer
54152142;Robbi;Stilwell;Robbi.Stilwell@yopmail.com;Robbi.Stilwell@gmail.com;developer
31553222;Tybie;Holtz;Tybie.Holtz@yopmail.com;Tybie.Holtz@gmail.com;firefighter
12624455;Gianina;Dorothy;Gianina.Dorothy@yopmail.com;Gianina.Dorothy@gmail.com;police officer
78660937;Ashlee;Janene;Ashlee.Janene@yopmail.com;Ashlee.Janene@gmail.com;firefighter
23875190;Doro;Jeanne;Doro.Jeanne@yopmail.com;Doro.Jeanne@gmail.com;police officer
69483334;Marguerite;Hortensia;Marguerite.Hortensia@yopmail.com;Marguerite.Hortensia@gmail.com;worker
9688585;Lanna;Whittaker;Lanna.Whittaker@yopmail.com;Lanna.Whittaker@gmail.com;worker
6404209;Corina;Leifeste;Corina.Leifeste@yopmail.com;Corina.Leifeste@gmail.com;police officer
87790470;Miquela;Maiah;Miquela.Maiah@yopmail.com;Miquela.Maiah@gmail.com;police officer
24669376;Deloria;Hunfredo;Deloria.Hunfredo@yopmail.com;Deloria.Hunfredo@gmail.com;worker
59922812;Nananne;Millda;Nananne.Millda@yopmail.com;Nananne.Millda@gmail.com;firefighter
77328825;Tiffie;Garlinda;Tiffie.Garlinda@yopmail.com;Tiffie.Garlinda@gmail.com;doctor
86622497;Tori;Flita;Tori.Flita@yopmail.com;Tori.Flita@gmail.com;police officer
63423119;Layla;Ovid;Layla.Ovid@yopmail.com;Layla.Ovid@gmail.com;doctor
26365746;Nita;Tybald;Nita.Tybald@yopmail.com;Nita.Tybald@gmail.com;worker
36158520;Leontine;Viddah;Leontine.Viddah@yopmail.com;Leontine.Viddah@gmail.com;worker
93594280;Carmencita;Ruvolo;Carmencita.Ruvolo@yopmail.com;Carmencita.Ruvolo@gmail.com;firefighter
69507391;Corry;Elvyn;Corry.Elvyn@yopmail.com;Corry.Elvyn@gmail.com;worker
9517815;Fina;Kiyoshi;Fina.Kiyoshi@yopmail.com;Fina.Kiyoshi@gmail.com;developer
38222448;Elora;Brandice;Elora.Brandice@yopmail.com;Elora.Brandice@gmail.com;developer
54300929;Meg;Mintz;Meg.Mintz@yopmail.com;Meg.Mintz@gmail.com;doctor
71713584;Linzy;Wooster;Linzy.Wooster@yopmail.com;Linzy.Wooster@gmail.com;doctor
35969962;Helena;McAdams;Helena.McAdams@yopmail.com;Helena.McAdams@gmail.com;police officer
12006214;Mamie;Carlson;Mamie.Carlson@yopmail.com;Mamie.Carlson@gmail.com;worker
2742195;Tatiania;Marisa;Tatiania.Marisa@yopmail.com;Tatiania.Marisa@gmail.com;worker
38976816;Lonnie;Redmond;Lonnie.Redmond@yopmail.com;Lonnie.Redmond@gmail.com;police officer
52096893;Aurore;Lenny;Aurore.Lenny@yopmail.com;Aurore.Lenny@gmail.com;doctor
70053728;Amii;Sacken;Amii.Sacken@yopmail.com;Amii.Sacken@gmail.com;developer
89944431;Carolina;Malvino;Carolina.Malvino@yopmail.com;Carolina.Malvino@gmail.com;developer
46888490;Jackie;Fosque;Jackie.Fosque@yopmail.com;Jackie.Fosque@gmail.com;doctor
72685195;Max;Vanni;Max.Vanni@yopmail.com;Max.Vanni@gmail.com;police officer
69432196;Pearline;Odell;Pearline.Odell@yopmail.com;Pearline.Odell@gmail.com;doctor
52441539;Sharai;Goerke;Sharai.Goerke@yopmail.com;Sharai.Goerke@gmail.com;doctor
56618469;Fanny;Chobot;Fanny.Chobot@yopmail.com;Fanny.Chobot@gmail.com;worker
46685338;Ayn;Merna;Ayn.Merna@yopmail.com;Ayn.Merna@gmail.com;police officer
75063113;Oralee;Erich;Oralee.Erich@yopmail.com;Oralee.Erich@gmail.com;firefighter
35058914;Valera;Dalli;Valera.Dalli@yopmail.com;Valera.Dalli@gmail.com;developer
88271499;Chandra;Callista;Chandra.Callista@yopmail.com;Chandra.Callista@gmail.com;firefighter
6822885;Heida;Dom;Heida.Dom@yopmail.com;Heida.Dom@gmail.com;developer
4595124;Emylee;Cordi;Emylee.Cordi@yopmail.com;Emylee.Cordi@gmail.com;worker
34777930;Liana;Vernier;Liana.Vernier@yopmail.com;Liana.Vernier@gmail.com;police officer
3722259;Lindie;Leonard;Lindie.Leonard@yopmail.com;Lindie.Leonard@gmail.com;police officer
73462625;Frances;Geffner;Frances.Geffner@yopmail.com;Frances.Geffner@gmail.com;doctor
92213171;Mady;Jaylene;Mady.Jaylene@yopmail.com;Mady.Jaylene@gmail.com;developer
50296751;Sara-Ann;Kalinda;Sara-Ann.Kalinda@yopmail.com;Sara-Ann.Kalinda@gmail.com;doctor
99944646;Angelique;Pauly;Angelique.Pauly@yopmail.com;Angelique.Pauly@gmail.com;doctor
46130387;Doro;Evangelia;Doro.Evangelia@yopmail.com;Doro.Evangelia@gmail.com;police officer
14680578;Wanda;Lilas;Wanda.Lilas@yopmail.com;Wanda.Lilas@gmail.com;doctor
51261021;Correy;Bates;Correy.Bates@yopmail.com;Correy.Bates@gmail.com;developer
12034849;Ida;Marisa;Ida.Marisa@yopmail.com;Ida.Marisa@gmail.com;doctor
26630282;Dorothy;Reneta;Dorothy.Reneta@yopmail.com;Dorothy.Reneta@gmail.com;worker
4508512;Fawne;Tacye;Fawne.Tacye@yopmail.com;Fawne.Tacye@gmail.com;firefighter
88158446;Jere;Loeb;Jere.Loeb@yopmail.com;Jere.Loeb@gmail.com;firefighter
45964612;Reeba;Mauer;Reeba.Mauer@yopmail.com;Reeba.Mauer@gmail.com;firefighter
10776633;Rivalee;Diogenes;Rivalee.Diogenes@yopmail.com;Rivalee.Diogenes@gmail.com;worker
60723094;Lesly;Ammann;Lesly.Ammann@yopmail.com;Lesly.Ammann@gmail.com;developer
14781058;Rosabelle;Joseph;Rosabelle.Joseph@yopmail.com;Rosabelle.Joseph@gmail.com;police officer
21914733;Tori;Terencio;Tori.Terencio@yopmail.com;Tori.Terencio@gmail.com;developer
56030910;Gavrielle;Erb;Gavrielle.Erb@yopmail.com;Gavrielle.Erb@gmail.com;police officer
39770990;Lusa;Malina;Lusa.Malina@yopmail.com;Lusa.Malina@gmail.com;doctor
36281588;Meg;Pascia;Meg.Pascia@yopmail.com;Meg.Pascia@gmail.com;doctor
74863306;Corene;Sinegold;Corene.Sinegold@yopmail.com;Corene.Sinegold@gmail.com;doctor
20469338;Linzy;Norrie;Linzy.Norrie@yopmail.com;Linzy.Norrie@gmail.com;police officer
69739196;Shaylyn;Gaulin;Shaylyn.Gaulin@yopmail.com;Shaylyn.Gaulin@gmail.com;developer
48288180;Georgetta;Bates;Georgetta.Bates@yopmail.com;Georgetta.Bates@gmail.com;police officer
75792999;Antonietta;Edison;Antonietta.Edison@yopmail.com;Antonietta.Edison@gmail.com;developer
9742166;Marjie;Wattenberg;Marjie.Wattenberg@yopmail.com;Marjie.Wattenberg@gmail.com;developer
2341618;Chrystel;Vale;Chrystel.Vale@yopmail.com;Chrystel.Vale@gmail.com;firefighter
32283276;Tobe;Chem;Tobe.Chem@yopmail.com;Tobe.Chem@gmail.com;firefighter
52861998;Aili;Joni;Aili.Joni@yopmail.com;Aili.Joni@gmail.com;police officer
82370179;Cyb;Masao;Cyb.Masao@yopmail.com;Cyb.Masao@gmail.com;doctor
68138432;Nannie;Louanna;Nannie.Louanna@yopmail.com;Nannie.Louanna@gmail.com;worker
89067169;Nannie;O'Rourke;Nannie.O'Rourke@yopmail.com;Nannie.O'Rourke@gmail.com;worker
95742074;Cristabel;Constancy;Cristabel.Constancy@yopmail.com;Cristabel.Constancy@gmail.com;developer
57668508;Margarette;Zina;Margarette.Zina@yopmail.com;Margarette.Zina@gmail.com;developer
8705528;Lolita;Dudley;Lolita.Dudley@yopmail.com;Lolita.Dudley@gmail.com;developer
62657109;Riannon;Mott;Riannon.Mott@yopmail.com;Riannon.Mott@gmail.com;worker
7165275;Jackie;Monk;Jackie.Monk@yopmail.com;Jackie.Monk@gmail.com;firefighter
5476221;Ada;Clara;Ada.Clara@yopmail.com;Ada.Clara@gmail.com;doctor
94510108;Cyndie;Anderea;Cyndie.Anderea@yopmail.com;Cyndie.Anderea@gmail.com;firefighter
39414610;Gaylene;Elisha;Gaylene.Elisha@yopmail.com;Gaylene.Elisha@gmail.com;police officer
11660140;Ivett;Lorenz;Ivett.Lorenz@yopmail.com;Ivett.Lorenz@gmail.com;police officer
89146888;Phylis;Carey;Phylis.Carey@yopmail.com;Phylis.Carey@gmail.com;police officer
53495547;Lolita;Rosalba;Lolita.Rosalba@yopmail.com;Lolita.Rosalba@gmail.com;worker
56755907;Etta;Suzetta;Etta.Suzetta@yopmail.com;Etta.Suzetta@gmail.com;doctor
57402514;Ileana;Rona;Ileana.Rona@yopmail.com;Ileana.Rona@gmail.com;firefighter
60377683;Nataline;Stuart;Nataline.Stuart@yopmail.com;Nataline.Stuart@gmail.com;doctor
59311768;Wileen;Hamil;Wileen.Hamil@yopmail.com;Wileen.Hamil@gmail.com;firefighter
98742070;Kellen;Sperling;Kellen.Sperling@yopmail.com;Kellen.Sperling@gmail.com;police officer
93157852;Ottilie;Lorenz;Ottilie.Lorenz@yopmail.com;Ottilie.Lorenz@gmail.com;worker
65800005;Candy;Secrest;Candy.Secrest@yopmail.com;Candy.Secrest@gmail.com;police officer
5044899;Mathilda;Grimbly;Mathilda.Grimbly@yopmail.com;Mathilda.Grimbly@gmail.com;worker
25486705;Janis;Diogenes;Janis.Diogenes@yopmail.com;Janis.Diogenes@gmail.com;firefighter
54857028;Siana;Melleta;Siana.Melleta@yopmail.com;Siana.Melleta@gmail.com;worker
55619375;Roxane;Lemuela;Roxane.Lemuela@yopmail.com;Roxane.Lemuela@gmail.com;firefighter
76888313;Lanae;Socha;Lanae.Socha@yopmail.com;Lanae.Socha@gmail.com;doctor
70038638;Eadie;Olin;Eadie.Olin@yopmail.com;Eadie.Olin@gmail.com;developer
52107965;Bobinette;Faro;Bobinette.Faro@yopmail.com;Bobinette.Faro@gmail.com;doctor
47605414;Zaria;Connelly;Zaria.Connelly@yopmail.com;Zaria.Connelly@gmail.com;firefighter
61326402;Madeleine;Sothena;Madeleine.Sothena@yopmail.com;Madeleine.Sothena@gmail.com;worker
41427910;Felice;Tamsky;Felice.Tamsky@yopmail.com;Felice.Tamsky@gmail.com;doctor
4766654;Albertina;Vorster;Albertina.Vorster@yopmail.com;Albertina.Vorster@gmail.com;police officer
32340962;Olivette;Tayib;Olivette.Tayib@yopmail.com;Olivette.Tayib@gmail.com;developer
74658344;Kelly;Monk;Kelly.Monk@yopmail.com;Kelly.Monk@gmail.com;worker
89763722;Cathie;Peonir;Cathie.Peonir@yopmail.com;Cathie.Peonir@gmail.com;developer
8985948;Marti;Fiester;Marti.Fiester@yopmail.com;Marti.Fiester@gmail.com;police officer
47203967;Berta;Cleo;Berta.Cleo@yopmail.com;Berta.Cleo@gmail.com;police officer
59812323;Selia;Ehrman;Selia.Ehrman@yopmail.com;Selia.Ehrman@gmail.com;police officer
30836463;Marline;Barrus;Marline.Barrus@yopmail.com;Marline.Barrus@gmail.com;worker
14246353;Nita;Karna;Nita.Karna@yopmail.com;Nita.Karna@gmail.com;worker
92035362;Tressa;Merat;Tressa.Merat@yopmail.com;Tressa.Merat@gmail.com;police officer
84015233;Jacenta;Hoenack;Jacenta.Hoenack@yopmail.com;Jacenta.Hoenack@gmail.com;worker
7766254;Malina;Felecia;Malina.Felecia@yopmail.com;Malina.Felecia@gmail.com;developer
10720708;Jillayne;Carri;Jillayne.Carri@yopmail.com;Jillayne.Carri@gmail.com;police officer
78900951;Raquela;Stav;Raquela.Stav@yopmail.com;Raquela.Stav@gmail.com;firefighter
34219046;Alejandra;Elephus;Alejandra.Elephus@yopmail.com;Alejandra.Elephus@gmail.com;worker
66685594;Leanna;Hepsibah;Leanna.Hepsibah@yopmail.com;Leanna.Hepsibah@gmail.com;police officer
2877168;Deloria;Capello;Deloria.Capello@yopmail.com;Deloria.Capello@gmail.com;firefighter
88356300;Harmonia;Holbrook;Harmonia.Holbrook@yopmail.com;Harmonia.Holbrook@gmail.com;police officer
10454126;Charissa;Karl;Charissa.Karl@yopmail.com;Charissa.Karl@gmail.com;doctor
47597427;Collen;Talia;Collen.Talia@yopmail.com;Collen.Talia@gmail.com;worker
30987620;Hyacinthe;Esmaria;Hyacinthe.Esmaria@yopmail.com;Hyacinthe.Esmaria@gmail.com;developer
61940996;Kirstin;Graig;Kirstin.Graig@yopmail.com;Kirstin.Graig@gmail.com;doctor
70350890;Fidelia;Dom;Fidelia.Dom@yopmail.com;Fidelia.Dom@gmail.com;developer
37074588;Nickie;Pond;Nickie.Pond@yopmail.com;Nickie.Pond@gmail.com;firefighter
62320124;Roz;Harriman;Roz.Harriman@yopmail.com;Roz.Harriman@gmail.com;firefighter
4481949;Keelia;Berriman;Keelia.Berriman@yopmail.com;Keelia.Berriman@gmail.com;worker
14728178;Allyce;Killigrew;Allyce.Killigrew@yopmail.com;Allyce.Killigrew@gmail.com;worker
82885219;Leeanne;Aprile;Leeanne.Aprile@yopmail.com;Leeanne.Aprile@gmail.com;developer
59406410;Kimberley;Vilma;Kimberley.Vilma@yopmail.com;Kimberley.Vilma@gmail.com;developer
81549947;Annecorinne;O'Rourke;Annecorinne.O'Rourke@yopmail.com;Annecorinne.O'Rourke@gmail.com;firefighter
70591605;Adele;Goerke;Adele.Goerke@yopmail.com;Adele.Goerke@gmail.com;police officer
34291599;Gratia;Dawkins;Gratia.Dawkins@yopmail.com;Gratia.Dawkins@gmail.com;developer
21758656;Merci;Pandolfi;Merci.Pandolfi@yopmail.com;Merci.Pandolfi@gmail.com;worker
90623710;Albertina;Luhe;Albertina.Luhe@yopmail.com;Albertina.Luhe@gmail.com;police officer
57642924;Anthia;Center;Anthia.Center@yopmail.com;Anthia.Center@gmail.com;doctor
4332400;Bibby;Jeanne;Bibby.Jeanne@yopmail.com;Bibby.Jeanne@gmail.com;worker
71373448;Regina;Audly;Regina.Audly@yopmail.com;Regina.Audly@gmail.com;doctor
22304446;June;Moina;June.Moina@yopmail.com;June.Moina@gmail.com;doctor
33614032;Rosabelle;Emmy;Rosabelle.Emmy@yopmail.com;Rosabelle.Emmy@gmail.com;doctor
41890634;Alia;Isidore;Alia.Isidore@yopmail.com;Alia.Isidore@gmail.com;worker
67110517;Charissa;Ashely;Charissa.Ashely@yopmail.com;Charissa.Ashely@gmail.com;worker
22696412;Ashlee;Federica;Ashlee.Federica@yopmail.com;Ashlee.Federica@gmail.com;police officer
33800612;Tonia;Millda;Tonia.Millda@yopmail.com;Tonia.Millda@gmail.com;developer
96718299;Jerry;Nance;Jerry.Nance@yopmail.com;Jerry.Nance@gmail.com;firefighter
53049030;Diena;Artie;Diena.Artie@yopmail.com;Diena.Artie@gmail.com;doctor
5903517;Emylee;Kellby;Emylee.Kellby@yopmail.com;Emylee.Kellby@gmail.com;firefighter
65417500;Magdalena;Gemini;Magdalena.Gemini@yopmail.com;Magdalena.Gemini@gmail.com;developer
72849422;Sandie;Carbo;Sandie.Carbo@yopmail.com;Sandie.Carbo@gmail.com;police officer
76926441;Albertina;Nisbet;Albertina.Nisbet@yopmail.com;Albertina.Nisbet@gmail.com;doctor
73076956;Zaria;Haerr;Zaria.Haerr@yopmail.com;Zaria.Haerr@gmail.com;firefighter
78368224;Sandie;Flyn;Sandie.Flyn@yopmail.com;Sandie.Flyn@gmail.com;developer
83337257;Cassandra;Toor;Cassandra.Toor@yopmail.com;Cassandra.Toor@gmail.com;worker
41650857;Eve;Hull;Eve.Hull@yopmail.com;Eve.Hull@gmail.com;worker
65203667;Beverley;Fairweather;Beverley.Fairweather@yopmail.com;Beverley.Fairweather@gmail.com;worker
67692004;Brana;Sherfield;Brana.Sherfield@yopmail.com;Brana.Sherfield@gmail.com;firefighter
88646987;Susette;O'Neill;Susette.O'Neill@yopmail.com;Susette.O'Neill@gmail.com;developer
10358724;Janey;Raseda;Janey.Raseda@yopmail.com;Janey.Raseda@gmail.com;worker
90920691;Dianemarie;Callista;Dianemarie.Callista@yopmail.com;Dianemarie.Callista@gmail.com;worker
30069455;Sean;Sadowski;Sean.Sadowski@yopmail.com;Sean.Sadowski@gmail.com;firefighter
19923333;Felice;Burnside;Felice.Burnside@yopmail.com;Felice.Burnside@gmail.com;police officer
28575029;Ericka;Jobi;Ericka.Jobi@yopmail.com;Ericka.Jobi@gmail.com;firefighter
31579536;Glenda;Ovid;Glenda.Ovid@yopmail.com;Glenda.Ovid@gmail.com;firefighter
9132240;Viviene;Gwenore;Viviene.Gwenore@yopmail.com;Viviene.Gwenore@gmail.com;doctor
58310538;Minne;Sidonius;Minne.Sidonius@yopmail.com;Minne.Sidonius@gmail.com;doctor
35936343;Dacia;Doig;Dacia.Doig@yopmail.com;Dacia.Doig@gmail.com;police officer
92416659;Louella;Giule;Louella.Giule@yopmail.com;Louella.Giule@gmail.com;firefighter
75299406;Lauryn;Knowling;Lauryn.Knowling@yopmail.com;Lauryn.Knowling@gmail.com;developer
12562689;Oona;Seligman;Oona.Seligman@yopmail.com;Oona.Seligman@gmail.com;police officer
89255397;Etta;Abram;Etta.Abram@yopmail.com;Etta.Abram@gmail.com;worker
51664522;Estell;Thunell;Estell.Thunell@yopmail.com;Estell.Thunell@gmail.com;worker
84282005;Dyann;Orlene;Dyann.Orlene@yopmail.com;Dyann.Orlene@gmail.com;firefighter
5014302;Dode;Kaja;Dode.Kaja@yopmail.com;Dode.Kaja@gmail.com;doctor
4204040;Diena;Martsen;Diena.Martsen@yopmail.com;Diena.Martsen@gmail.com;worker
27855982;Micheline;Dituri;Micheline.Dituri@yopmail.com;Micheline.Dituri@gmail.com;doctor
80581374;Adriana;Gilmour;Adriana.Gilmour@yopmail.com;Adriana.Gilmour@gmail.com;doctor
92035919;Dolli;Regan;Dolli.Regan@yopmail.com;Dolli.Regan@gmail.com;worker
64521122;Myrtice;Emmaline;Myrtice.Emmaline@yopmail.com;Myrtice.Emmaline@gmail.com;firefighter
14305664;Arlena;Olin;Arlena.Olin@yopmail.com;Arlena.Olin@gmail.com;worker
60273766;Raquela;Faso;Raquela.Faso@yopmail.com;Raquela.Faso@gmail.com;developer
39526461;Caritta;Martguerita;Caritta.Martguerita@yopmail.com;Caritta.Martguerita@gmail.com;doctor
87745207;Roz;Chinua;Roz.Chinua@yopmail.com;Roz.Chinua@gmail.com;firefighter
73229589;Justinn;Bobbee;Justinn.Bobbee@yopmail.com;Justinn.Bobbee@gmail.com;police officer
67488018;Shaylyn;Dash;Shaylyn.Dash@yopmail.com;Shaylyn.Dash@gmail.com;firefighter
14553292;Carly;Franza;Carly.Franza@yopmail.com;Carly.Franza@gmail.com;police officer
37417787;Johna;Wenoa;Johna.Wenoa@yopmail.com;Johna.Wenoa@gmail.com;developer
30146709;Caritta;Winthorpe;Caritta.Winthorpe@yopmail.com;Caritta.Winthorpe@gmail.com;developer
87704371;Lacie;Couture;Lacie.Couture@yopmail.com;Lacie.Couture@gmail.com;firefighter
71881598;Beverley;Durante;Beverley.Durante@yopmail.com;Beverley.Durante@gmail.com;developer
70730157;Madeleine;Chaing;Madeleine.Chaing@yopmail.com;Madeleine.Chaing@gmail.com;doctor
63475832;Jan;Rubie;Jan.Rubie@yopmail.com;Jan.Rubie@gmail.com;worker
42333236;Almeta;Buttaro;Almeta.Buttaro@yopmail.com;Almeta.Buttaro@gmail.com;worker
46726684;Aeriela;Myrilla;Aeriela.Myrilla@yopmail.com;Aeriela.Myrilla@gmail.com;firefighter
85813560;Ottilie;Warthman;Ottilie.Warthman@yopmail.com;Ottilie.Warthman@gmail.com;worker
16285210;Madeleine;Sacken;Madeleine.Sacken@yopmail.com;Madeleine.Sacken@gmail.com;firefighter
85478995;Kial;Elvyn;Kial.Elvyn@yopmail.com;Kial.Elvyn@gmail.com;firefighter
30514041;Britni;Madelene;Britni.Madelene@yopmail.com;Britni.Madelene@gmail.com;police officer
48631110;Sophia;Vharat;Sophia.Vharat@yopmail.com;Sophia.Vharat@gmail.com;worker
81374969;Chrystel;Cimbura;Chrystel.Cimbura@yopmail.com;Chrystel.Cimbura@gmail.com;police officer
84836662;Ginnie;Persse;Ginnie.Persse@yopmail.com;Ginnie.Persse@gmail.com;firefighter
57676517;Mara;Carvey;Mara.Carvey@yopmail.com;Mara.Carvey@gmail.com;police officer
62976823;Alameda;Greyson;Alameda.Greyson@yopmail.com;Alameda.Greyson@gmail.com;police officer
90115196;Veda;Jacinda;Veda.Jacinda@yopmail.com;Veda.Jacinda@gmail.com;developer
77739431;Nita;Johanna;Nita.Johanna@yopmail.com;Nita.Johanna@gmail.com;firefighter
56041969;Clo;Vanni;Clo.Vanni@yopmail.com;Clo.Vanni@gmail.com;police officer
28207087;Cassandra;Baptlsta;Cassandra.Baptlsta@yopmail.com;Cassandra.Baptlsta@gmail.com;developer
46872736;Teddie;Cohdwell;Teddie.Cohdwell@yopmail.com;Teddie.Cohdwell@gmail.com;developer
79576669;Libbie;Gabrielli;Libbie.Gabrielli@yopmail.com;Libbie.Gabrielli@gmail.com;developer
39744245;Gilda;Sophronia;Gilda.Sophronia@yopmail.com;Gilda.Sophronia@gmail.com;firefighter
90598959;Imojean;Vittoria;Imojean.Vittoria@yopmail.com;Imojean.Vittoria@gmail.com;developer
81421333;Deane;Pond;Deane.Pond@yopmail.com;Deane.Pond@gmail.com;developer
10122585;Yetty;Oneida;Yetty.Oneida@yopmail.com;Yetty.Oneida@gmail.com;developer
61540761;Atlanta;Bergman;Atlanta.Bergman@yopmail.com;Atlanta.Bergman@gmail.com;worker
45757905;Melodie;Slifka;Melodie.Slifka@yopmail.com;Melodie.Slifka@gmail.com;police officer
62579458;Leontine;Bahr;Leontine.Bahr@yopmail.com;Leontine.Bahr@gmail.com;doctor
5619921;Dagmar;Stefa;Dagmar.Stefa@yopmail.com;Dagmar.Stefa@gmail.com;firefighter
10334931;Myriam;Longfellow;Myriam.Longfellow@yopmail.com;Myriam.Longfellow@gmail.com;worker
82664907;Blinni;Toffic;Blinni.Toffic@yopmail.com;Blinni.Toffic@gmail.com;developer
98559594;Chickie;Stanwood;Chickie.Stanwood@yopmail.com;Chickie.Stanwood@gmail.com;police officer
93650580;Myrtice;Mandler;Myrtice.Mandler@yopmail.com;Myrtice.Mandler@gmail.com;developer
84915566;Pierette;Ambrosia;Pierette.Ambrosia@yopmail.com;Pierette.Ambrosia@gmail.com;worker
33229452;Mahalia;Justinn;Mahalia.Justinn@yopmail.com;Mahalia.Justinn@gmail.com;developer
51703931;Leona;Karl;Leona.Karl@yopmail.com;Leona.Karl@gmail.com;doctor
36883550;Valeda;Behre;Valeda.Behre@yopmail.com;Valeda.Behre@gmail.com;worker
35470775;Millie;Vastah;Millie.Vastah@yopmail.com;Millie.Vastah@gmail.com;police officer
8594898;Yetty;Carleen;Yetty.Carleen@yopmail.com;Yetty.Carleen@gmail.com;developer
20417757;Kathy;Etom;Kathy.Etom@yopmail.com;Kathy.Etom@gmail.com;developer
94640599;Angelique;Hazlett;Angelique.Hazlett@yopmail.com;Angelique.Hazlett@gmail.com;doctor
54388461;Aeriela;Tryck;Aeriela.Tryck@yopmail.com;Aeriela.Tryck@gmail.com;police officer
4653235;Myriam;Jagir;Myriam.Jagir@yopmail.com;Myriam.Jagir@gmail.com;doctor
86248325;June;Felecia;June.Felecia@yopmail.com;June.Felecia@gmail.com;police officer
13898579;Averyl;Borrell;Averyl.Borrell@yopmail.com;Averyl.Borrell@gmail.com;worker
74004145;Hope;Strephon;Hope.Strephon@yopmail.com;Hope.Strephon@gmail.com;worker
7976091;Candi;Uird;Candi.Uird@yopmail.com;Candi.Uird@gmail.com;developer
39117248;Shaine;Lytton;Shaine.Lytton@yopmail.com;Shaine.Lytton@gmail.com;firefighter
69437101;Rosene;Lay;Rosene.Lay@yopmail.com;Rosene.Lay@gmail.com;developer
77232333;Helena;Ephrem;Helena.Ephrem@yopmail.com;Helena.Ephrem@gmail.com;developer
76894931;Halette;Whiffen;Halette.Whiffen@yopmail.com;Halette.Whiffen@gmail.com;firefighter
93701171;Raina;Sparhawk;Raina.Sparhawk@yopmail.com;Raina.Sparhawk@gmail.com;police officer
62239071;Giustina;Merat;Giustina.Merat@yopmail.com;Giustina.Merat@gmail.com;firefighter
14475683;Cyndie;Bury;Cyndie.Bury@yopmail.com;Cyndie.Bury@gmail.com;police officer
35491784;Basia;Johanna;Basia.Johanna@yopmail.com;Basia.Johanna@gmail.com;police officer
21376737;Lanae;Virgin;Lanae.Virgin@yopmail.com;Lanae.Virgin@gmail.com;police officer
95388577;Beatriz;Hurley;Beatriz.Hurley@yopmail.com;Beatriz.Hurley@gmail.com;developer
39832378;Teriann;Shuler;Teriann.Shuler@yopmail.com;Teriann.Shuler@gmail.com;firefighter
98042081;Paola;Podvin;Paola.Podvin@yopmail.com;Paola.Podvin@gmail.com;doctor
60325677;Elena;Dreda;Elena.Dreda@yopmail.com;Elena.Dreda@gmail.com;police officer
71596470;Asia;Darian;Asia.Darian@yopmail.com;Asia.Darian@gmail.com;doctor
45901441;Vita;Rudolph;Vita.Rudolph@yopmail.com;Vita.Rudolph@gmail.com;doctor
6422420;Nikki;Tatianas;Nikki.Tatianas@yopmail.com;Nikki.Tatianas@gmail.com;doctor
17695125;Cacilie;Olnee;Cacilie.Olnee@yopmail.com;Cacilie.Olnee@gmail.com;firefighter
12668290;Ericka;Faro;Ericka.Faro@yopmail.com;Ericka.Faro@gmail.com;firefighter
13059463;Ericka;Donoghue;Ericka.Donoghue@yopmail.com;Ericka.Donoghue@gmail.com;doctor
50156388;Rori;Gregrory;Rori.Gregrory@yopmail.com;Rori.Gregrory@gmail.com;developer
17557318;Anthia;Florina;Anthia.Florina@yopmail.com;Anthia.Florina@gmail.com;worker
76885941;Darci;Kylander;Darci.Kylander@yopmail.com;Darci.Kylander@gmail.com;firefighter
64512987;Ariela;My;Ariela.My@yopmail.com;Ariela.My@gmail.com;police officer
88440992;Johna;Genna;Johna.Genna@yopmail.com;Johna.Genna@gmail.com;firefighter
56963244;Gui;Erlandson;Gui.Erlandson@yopmail.com;Gui.Erlandson@gmail.com;developer
32349188;Fernande;Jillane;Fernande.Jillane@yopmail.com;Fernande.Jillane@gmail.com;police officer
43815552;Gerrie;Montgomery;Gerrie.Montgomery@yopmail.com;Gerrie.Montgomery@gmail.com;worker
20993979;Agnese;Sekofski;Agnese.Sekofski@yopmail.com;Agnese.Sekofski@gmail.com;worker
83896077;Elbertina;Diogenes;Elbertina.Diogenes@yopmail.com;Elbertina.Diogenes@gmail.com;firefighter
59649211;Binny;Voletta;Binny.Voletta@yopmail.com;Binny.Voletta@gmail.com;firefighter
46877997;Nonnah;Virgin;Nonnah.Virgin@yopmail.com;Nonnah.Virgin@gmail.com;police officer
2161571;Tarra;Dorcy;Tarra.Dorcy@yopmail.com;Tarra.Dorcy@gmail.com;developer
1991523;Brianna;Miru;Brianna.Miru@yopmail.com;Brianna.Miru@gmail.com;police officer
97700207;Nananne;Hamil;Nananne.Hamil@yopmail.com;Nananne.Hamil@gmail.com;doctor
49120287;Cacilie;Mich;Cacilie.Mich@yopmail.com;Cacilie.Mich@gmail.com;worker
56371012;Magdalena;Ashely;Magdalena.Ashely@yopmail.com;Magdalena.Ashely@gmail.com;worker
4418882;Ericka;Ummersen;Ericka.Ummersen@yopmail.com;Ericka.Ummersen@gmail.com;worker
1636775;Shannah;Kamaria;Shannah.Kamaria@yopmail.com;Shannah.Kamaria@gmail.com;firefighter
61979422;Miquela;Cordi;Miquela.Cordi@yopmail.com;Miquela.Cordi@gmail.com;developer
92556353;Sara-Ann;Glenden;Sara-Ann.Glenden@yopmail.com;Sara-Ann.Glenden@gmail.com;police officer
91385302;Phylis;Chinua;Phylis.Chinua@yopmail.com;Phylis.Chinua@gmail.com;doctor
7258295;Christy;Darian;Christy.Darian@yopmail.com;Christy.Darian@gmail.com;police officer
72620108;Noelle;Berne;Noelle.Berne@yopmail.com;Noelle.Berne@gmail.com;worker
24806522;Dyann;Aida;Dyann.Aida@yopmail.com;Dyann.Aida@gmail.com;firefighter
34699424;Gratia;Demitria;Gratia.Demitria@yopmail.com;Gratia.Demitria@gmail.com;developer
10753599;Anestassia;Palocz;Anestassia.Palocz@yopmail.com;Anestassia.Palocz@gmail.com;doctor
62352208;Max;Randene;Max.Randene@yopmail.com;Max.Randene@gmail.com;firefighter
61851812;Dale;Florina;Dale.Florina@yopmail.com;Dale.Florina@gmail.com;worker
13459063;Ekaterina;Harned;Ekaterina.Harned@yopmail.com;Ekaterina.Harned@gmail.com;worker
80030240;Mignon;Natalia;Mignon.Natalia@yopmail.com;Mignon.Natalia@gmail.com;police officer
16412314;Mahalia;Blake;Mahalia.Blake@yopmail.com;Mahalia.Blake@gmail.com;doctor
26638407;Carly;Hamil;Carly.Hamil@yopmail.com;Carly.Hamil@gmail.com;developer
75680641;Gratia;Zola;Gratia.Zola@yopmail.com;Gratia.Zola@gmail.com;worker
81672444;Britni;Dex;Britni.Dex@yopmail.com;Britni.Dex@gmail.com;doctor
42004756;Dode;Charmine;Dode.Charmine@yopmail.com;Dode.Charmine@gmail.com;police officer
66622669;Jaime;Firmin;Jaime.Firmin@yopmail.com;Jaime.Firmin@gmail.com;developer
47227697;Courtnay;Berriman;Courtnay.Berriman@yopmail.com;Courtnay.Berriman@gmail.com;worker
72960703;Joane;Bluh;Joane.Bluh@yopmail.com;Joane.Bluh@gmail.com;firefighter
42687354;Brianna;Japeth;Brianna.Japeth@yopmail.com;Brianna.Japeth@gmail.com;doctor
11460684;Bibby;McGrody;Bibby.McGrody@yopmail.com;Bibby.McGrody@gmail.com;developer
98577364;Collen;Hebner;Collen.Hebner@yopmail.com;Collen.Hebner@gmail.com;worker
76459170;Carmencita;Dorothy;Carmencita.Dorothy@yopmail.com;Carmencita.Dorothy@gmail.com;firefighter
99795344;Zondra;Lucienne;Zondra.Lucienne@yopmail.com;Zondra.Lucienne@gmail.com;worker
39559523;Livvyy;Agle;Livvyy.Agle@yopmail.com;Livvyy.Agle@gmail.com;worker
42331296;Olivette;Myrilla;Olivette.Myrilla@yopmail.com;Olivette.Myrilla@gmail.com;doctor
91507937;Robinia;Saunderson;Robinia.Saunderson@yopmail.com;Robinia.Saunderson@gmail.com;developer
53136593;Noelle;Crudden;Noelle.Crudden@yopmail.com;Noelle.Crudden@gmail.com;doctor
53970152;Drucie;Woodberry;Drucie.Woodberry@yopmail.com;Drucie.Woodberry@gmail.com;police officer
66285287;Keelia;Stover;Keelia.Stover@yopmail.com;Keelia.Stover@gmail.com;firefighter
27831219;Dania;Weaks;Dania.Weaks@yopmail.com;Dania.Weaks@gmail.com;worker
167925;Florie;Maisey;Florie.Maisey@yopmail.com;Florie.Maisey@gmail.com;doctor
82961556;Rivalee;Amand;Rivalee.Amand@yopmail.com;Rivalee.Amand@gmail.com;firefighter
66541143;Barbi;Redmond;Barbi.Redmond@yopmail.com;Barbi.Redmond@gmail.com;developer
78138718;Cissiee;Wooster;Cissiee.Wooster@yopmail.com;Cissiee.Wooster@gmail.com;developer
5865216;Kayla;O'Neill;Kayla.O'Neill@yopmail.com;Kayla.O'Neill@gmail.com;police officer
81459316;Kristina;Keily;Kristina.Keily@yopmail.com;Kristina.Keily@gmail.com;firefighter
60091362;Harmonia;Cynar;Harmonia.Cynar@yopmail.com;Harmonia.Cynar@gmail.com;developer
29343981;Leanna;Ries;Leanna.Ries@yopmail.com;Leanna.Ries@gmail.com;worker
81459751;Dyann;Schonfeld;Dyann.Schonfeld@yopmail.com;Dyann.Schonfeld@gmail.com;developer
94093124;Sindee;Sammons;Sindee.Sammons@yopmail.com;Sindee.Sammons@gmail.com;developer
91815659;Joceline;Denis;Joceline.Denis@yopmail.com;Joceline.Denis@gmail.com;police officer
19434274;Moyna;Goerke;Moyna.Goerke@yopmail.com;Moyna.Goerke@gmail.com;firefighter
61568743;Carree;Pettiford;Carree.Pettiford@yopmail.com;Carree.Pettiford@gmail.com;firefighter
67132416;Lynnea;Valoniah;Lynnea.Valoniah@yopmail.com;Lynnea.Valoniah@gmail.com;police officer
34160823;Demetris;Abbot;Demetris.Abbot@yopmail.com;Demetris.Abbot@gmail.com;worker
11778297;Sissy;Concha;Sissy.Concha@yopmail.com;Sissy.Concha@gmail.com;police officer
34143132;Linet;Arne;Linet.Arne@yopmail.com;Linet.Arne@gmail.com;firefighter
2584323;Calla;An;Calla.An@yopmail.com;Calla.An@gmail.com;firefighter
25863973;Jillayne;Vorster;Jillayne.Vorster@yopmail.com;Jillayne.Vorster@gmail.com;worker
67549833;Fred;Thomasina;Fred.Thomasina@yopmail.com;Fred.Thomasina@gmail.com;developer
13129859;Loree;Hanshaw;Loree.Hanshaw@yopmail.com;Loree.Hanshaw@gmail.com;doctor
53307996;Marleah;Kamaria;Marleah.Kamaria@yopmail.com;Marleah.Kamaria@gmail.com;developer
73275285;Shandie;Carri;Shandie.Carri@yopmail.com;Shandie.Carri@gmail.com;doctor
358860;Sophia;Lalitta;Sophia.Lalitta@yopmail.com;Sophia.Lalitta@gmail.com;developer
98231291;Lelah;Rolf;Lelah.Rolf@yopmail.com;Lelah.Rolf@gmail.com;firefighter
3826324;Vinita;Dituri;Vinita.Dituri@yopmail.com;Vinita.Dituri@gmail.com;police officer
61734761;Riannon;Craggie;Riannon.Craggie@yopmail.com;Riannon.Craggie@gmail.com;police officer
4247575;Kristina;Nunci;Kristina.Nunci@yopmail.com;Kristina.Nunci@gmail.com;police officer
40796906;Mahalia;Douglass;Mahalia.Douglass@yopmail.com;Mahalia.Douglass@gmail.com;doctor
57281951;Aubrie;Johnsson;Aubrie.Johnsson@yopmail.com;Aubrie.Johnsson@gmail.com;doctor
62643300;Pierette;McLaughlin;Pierette.McLaughlin@yopmail.com;Pierette.McLaughlin@gmail.com;doctor
79403558;Korrie;Clie;Korrie.Clie@yopmail.com;Korrie.Clie@gmail.com;firefighter
44703692;Margarette;Chem;Margarette.Chem@yopmail.com;Margarette.Chem@gmail.com;firefighter
82138955;Aili;Cloris;Aili.Cloris@yopmail.com;Aili.Cloris@gmail.com;police officer
76565500;Arlena;Orelee;Arlena.Orelee@yopmail.com;Arlena.Orelee@gmail.com;worker
46181285;Johna;Rossner;Johna.Rossner@yopmail.com;Johna.Rossner@gmail.com;doctor
47091461;Cyb;Randene;Cyb.Randene@yopmail.com;Cyb.Randene@gmail.com;firefighter
54121705;Aurelie;Ader;Aurelie.Ader@yopmail.com;Aurelie.Ader@gmail.com;firefighter
38914194;Eugine;Ralfston;Eugine.Ralfston@yopmail.com;Eugine.Ralfston@gmail.com;developer
56881754;Julieta;Stover;Julieta.Stover@yopmail.com;Julieta.Stover@gmail.com;doctor
83164628;Maridel;Mehalek;Maridel.Mehalek@yopmail.com;Maridel.Mehalek@gmail.com;doctor
41048513;Vivia;Fleeta;Vivia.Fleeta@yopmail.com;Vivia.Fleeta@gmail.com;police officer
20953378;Chickie;Pelagias;Chickie.Pelagias@yopmail.com;Chickie.Pelagias@gmail.com;firefighter
10176793;Arlina;Lubin;Arlina.Lubin@yopmail.com;Arlina.Lubin@gmail.com;worker
87844739;Sadie;Tamsky;Sadie.Tamsky@yopmail.com;Sadie.Tamsky@gmail.com;firefighter
38933435;Cristabel;Minetta;Cristabel.Minetta@yopmail.com;Cristabel.Minetta@gmail.com;firefighter
55682926;Susan;Magnolia;Susan.Magnolia@yopmail.com;Susan.Magnolia@gmail.com;developer
69927603;Clo;Ahab;Clo.Ahab@yopmail.com;Clo.Ahab@gmail.com;firefighter
83061107;Krystle;Hazlett;Krystle.Hazlett@yopmail.com;Krystle.Hazlett@gmail.com;police officer
65644878;Marline;Cynar;Marline.Cynar@yopmail.com;Marline.Cynar@gmail.com;worker
41466091;Amelia;Federica;Amelia.Federica@yopmail.com;Amelia.Federica@gmail.com;developer
55502843;Carilyn;Emmy;Carilyn.Emmy@yopmail.com;Carilyn.Emmy@gmail.com;firefighter
18334459;Anestassia;Paine;Anestassia.Paine@yopmail.com;Anestassia.Paine@gmail.com;firefighter
34697854;Janis;Stav;Janis.Stav@yopmail.com;Janis.Stav@gmail.com;doctor
42362458;Audrie;Oscar;Audrie.Oscar@yopmail.com;Audrie.Oscar@gmail.com;developer
91927354;Modestia;Sholley;Modestia.Sholley@yopmail.com;Modestia.Sholley@gmail.com;firefighter
16317861;Janis;Cloris;Janis.Cloris@yopmail.com;Janis.Cloris@gmail.com;worker
88981402;Ardys;Stelle;Ardys.Stelle@yopmail.com;Ardys.Stelle@gmail.com;firefighter
55305134;Mariann;Loring;Mariann.Loring@yopmail.com;Mariann.Loring@gmail.com;firefighter
82555744;Paule;Silvan;Paule.Silvan@yopmail.com;Paule.Silvan@gmail.com;worker
14553767;Sybille;Voletta;Sybille.Voletta@yopmail.com;Sybille.Voletta@gmail.com;developer
62741802;Blondelle;Sekofski;Blondelle.Sekofski@yopmail.com;Blondelle.Sekofski@gmail.com;firefighter
67689892;Fayre;Torray;Fayre.Torray@yopmail.com;Fayre.Torray@gmail.com;police officer
42793877;Mady;Bevin;Mady.Bevin@yopmail.com;Mady.Bevin@gmail.com;developer
21644835;Marline;Philipp;Marline.Philipp@yopmail.com;Marline.Philipp@gmail.com;firefighter
57843449;Caryl;Quent;Caryl.Quent@yopmail.com;Caryl.Quent@gmail.com;worker
30885993;Corly;Luhe;Corly.Luhe@yopmail.com;Corly.Luhe@gmail.com;police officer
6902679;Rosabelle;Milson;Rosabelle.Milson@yopmail.com;Rosabelle.Milson@gmail.com;developer
98736939;Lacie;Aprile;Lacie.Aprile@yopmail.com;Lacie.Aprile@gmail.com;worker
73139898;Lyssa;Lamoree;Lyssa.Lamoree@yopmail.com;Lyssa.Lamoree@gmail.com;worker
76016510;Alameda;Monk;Alameda.Monk@yopmail.com;Alameda.Monk@gmail.com;doctor
68647346;Priscilla;Kamaria;Priscilla.Kamaria@yopmail.com;Priscilla.Kamaria@gmail.com;worker
64101415;Elbertina;Gunn;Elbertina.Gunn@yopmail.com;Elbertina.Gunn@gmail.com;developer
93524195;Valli;Lory;Valli.Lory@yopmail.com;Valli.Lory@gmail.com;developer
72341792;Cindelyn;Bahr;Cindelyn.Bahr@yopmail.com;Cindelyn.Bahr@gmail.com;worker
88166430;Kittie;Ingra;Kittie.Ingra@yopmail.com;Kittie.Ingra@gmail.com;firefighter
9527202;Silvana;Norvol;Silvana.Norvol@yopmail.com;Silvana.Norvol@gmail.com;police officer
75289908;Gaylene;Cyrie;Gaylene.Cyrie@yopmail.com;Gaylene.Cyrie@gmail.com;firefighter
62183404;Ana;Jarib;Ana.Jarib@yopmail.com;Ana.Jarib@gmail.com;doctor
94646468;Jenilee;Taima;Jenilee.Taima@yopmail.com;Jenilee.Taima@gmail.com;worker
81530405;Sonni;Penelopa;Sonni.Penelopa@yopmail.com;Sonni.Penelopa@gmail.com;worker
17153956;Sidoney;Haldas;Sidoney.Haldas@yopmail.com;Sidoney.Haldas@gmail.com;developer
1570460;Ilse;Quinn;Ilse.Quinn@yopmail.com;Ilse.Quinn@gmail.com;firefighter
9179888;Adelle;Beebe;Adelle.Beebe@yopmail.com;Adelle.Beebe@gmail.com;firefighter
63542715;June;Phyllis;June.Phyllis@yopmail.com;June.Phyllis@gmail.com;doctor
80461896;Quintina;Stacy;Quintina.Stacy@yopmail.com;Quintina.Stacy@gmail.com;doctor
23911360;Dyann;Meli;Dyann.Meli@yopmail.com;Dyann.Meli@gmail.com;doctor
97881969;Jordan;Stanwood;Jordan.Stanwood@yopmail.com;Jordan.Stanwood@gmail.com;firefighter
36057621;Dorthy;Cadmar;Dorthy.Cadmar@yopmail.com;Dorthy.Cadmar@gmail.com;firefighter
36662700;Sindee;Cullin;Sindee.Cullin@yopmail.com;Sindee.Cullin@gmail.com;worker
72231477;Kore;Soneson;Kore.Soneson@yopmail.com;Kore.Soneson@gmail.com;police officer
14249741;Tarra;Larochelle;Tarra.Larochelle@yopmail.com;Tarra.Larochelle@gmail.com;doctor
68158720;Tori;Bertold;Tori.Bertold@yopmail.com;Tori.Bertold@gmail.com;doctor
81147092;Philis;Jalbert;Philis.Jalbert@yopmail.com;Philis.Jalbert@gmail.com;doctor
5630174;Cathyleen;Caitlin;Cathyleen.Caitlin@yopmail.com;Cathyleen.Caitlin@gmail.com;police officer
66888720;Cacilie;Kaja;Cacilie.Kaja@yopmail.com;Cacilie.Kaja@gmail.com;police officer
13116220;Fidelia;Screens;Fidelia.Screens@yopmail.com;Fidelia.Screens@gmail.com;firefighter
11467335;Merci;Keelia;Merci.Keelia@yopmail.com;Merci.Keelia@gmail.com;doctor
33299749;Cathyleen;Kinnard;Cathyleen.Kinnard@yopmail.com;Cathyleen.Kinnard@gmail.com;police officer
21306831;Genevra;Trace;Genevra.Trace@yopmail.com;Genevra.Trace@gmail.com;worker
73881354;Corene;Socha;Corene.Socha@yopmail.com;Corene.Socha@gmail.com;developer
60982441;Karina;Dituri;Karina.Dituri@yopmail.com;Karina.Dituri@gmail.com;developer
60204728;Maisey;Lunsford;Maisey.Lunsford@yopmail.com;Maisey.Lunsford@gmail.com;worker
50764274;Sherrie;Hirsch;Sherrie.Hirsch@yopmail.com;Sherrie.Hirsch@gmail.com;worker
41800292;Hildegaard;Konyn;Hildegaard.Konyn@yopmail.com;Hildegaard.Konyn@gmail.com;doctor
82035041;Lulita;McAdams;Lulita.McAdams@yopmail.com;Lulita.McAdams@gmail.com;police officer
91309904;Dione;Kamaria;Dione.Kamaria@yopmail.com;Dione.Kamaria@gmail.com;developer
24851881;Maryellen;Gower;Maryellen.Gower@yopmail.com;Maryellen.Gower@gmail.com;police officer
16717460;Vanessa;Tarrant;Vanessa.Tarrant@yopmail.com;Vanessa.Tarrant@gmail.com;worker
17593030;Alisha;Hazlett;Alisha.Hazlett@yopmail.com;Alisha.Hazlett@gmail.com;police officer
33978759;Lesly;Ardra;Lesly.Ardra@yopmail.com;Lesly.Ardra@gmail.com;firefighter
18558949;Alejandra;Whittaker;Alejandra.Whittaker@yopmail.com;Alejandra.Whittaker@gmail.com;doctor
7132526;Myriam;Ardra;Myriam.Ardra@yopmail.com;Myriam.Ardra@gmail.com;doctor
1353494;Penelopa;Rurik;Penelopa.Rurik@yopmail.com;Penelopa.Rurik@gmail.com;police officer
56186232;Glenda;Brackely;Glenda.Brackely@yopmail.com;Glenda.Brackely@gmail.com;doctor
87040173;Asia;Connelly;Asia.Connelly@yopmail.com;Asia.Connelly@gmail.com;police officer
85124266;Merle;Tristram;Merle.Tristram@yopmail.com;Merle.Tristram@gmail.com;worker
6707611;Calla;Delp;Calla.Delp@yopmail.com;Calla.Delp@gmail.com;developer
19836815;Rosabelle;Merat;Rosabelle.Merat@yopmail.com;Rosabelle.Merat@gmail.com;firefighter
9971849;Peri;Bord;Peri.Bord@yopmail.com;Peri.Bord@gmail.com;worker
65690422;Shirlee;Waite;Shirlee.Waite@yopmail.com;Shirlee.Waite@gmail.com;doctor
82229645;Quintina;Swanhildas;Quintina.Swanhildas@yopmail.com;Quintina.Swanhildas@gmail.com;firefighter
23976338;Aaren;Junie;Aaren.Junie@yopmail.com;Aaren.Junie@gmail.com;police officer
76141477;Glynnis;Lubin;Glynnis.Lubin@yopmail.com;Glynnis.Lubin@gmail.com;firefighter
31723237;Rori;Blase;Rori.Blase@yopmail.com;Rori.Blase@gmail.com;police officer
79433127;Harrietta;Waldron;Harrietta.Waldron@yopmail.com;Harrietta.Waldron@gmail.com;doctor
34103491;Clementine;Valerio;Clementine.Valerio@yopmail.com;Clementine.Valerio@gmail.com;developer
76488553;Blondelle;Hutchison;Blondelle.Hutchison@yopmail.com;Blondelle.Hutchison@gmail.com;developer
30421765;Dorothy;Gabrielli;Dorothy.Gabrielli@yopmail.com;Dorothy.Gabrielli@gmail.com;police officer
92700213;Romona;Cullin;Romona.Cullin@yopmail.com;Romona.Cullin@gmail.com;developer
28493435;Raquela;Halsey;Raquela.Halsey@yopmail.com;Raquela.Halsey@gmail.com;developer
56256971;Lindie;Wandie;Lindie.Wandie@yopmail.com;Lindie.Wandie@gmail.com;firefighter
96978985;Kellen;Bronk;Kellen.Bronk@yopmail.com;Kellen.Bronk@gmail.com;police officer
25153284;Chrystel;Edee;Chrystel.Edee@yopmail.com;Chrystel.Edee@gmail.com;police officer
1261095;Arlina;Bahr;Arlina.Bahr@yopmail.com;Arlina.Bahr@gmail.com;firefighter
83939339;Kimmy;Grosz;Kimmy.Grosz@yopmail.com;Kimmy.Grosz@gmail.com;doctor
28043582;Blondelle;Helfand;Blondelle.Helfand@yopmail.com;Blondelle.Helfand@gmail.com;doctor
84621930;Hyacinthe;Dowski;Hyacinthe.Dowski@yopmail.com;Hyacinthe.Dowski@gmail.com;worker
52771597;Judy;Eachern;Judy.Eachern@yopmail.com;Judy.Eachern@gmail.com;worker
76811232;Susan;Gaal;Susan.Gaal@yopmail.com;Susan.Gaal@gmail.com;police officer
49781986;Brynna;Aida;Brynna.Aida@yopmail.com;Brynna.Aida@gmail.com;developer
57021022;Cherilyn;Yerkovich;Cherilyn.Yerkovich@yopmail.com;Cherilyn.Yerkovich@gmail.com;firefighter
91586246;Pierette;Anselmi;Pierette.Anselmi@yopmail.com;Pierette.Anselmi@gmail.com;police officer
93883219;Xylina;Ursulette;Xylina.Ursulette@yopmail.com;Xylina.Ursulette@gmail.com;police officer
65154647;Ruthe;Publia;Ruthe.Publia@yopmail.com;Ruthe.Publia@gmail.com;developer
46873616;Agathe;Harl;Agathe.Harl@yopmail.com;Agathe.Harl@gmail.com;police officer
66817603;Nerta;Lalitta;Nerta.Lalitta@yopmail.com;Nerta.Lalitta@gmail.com;developer
34332390;Mellicent;Dahlia;Mellicent.Dahlia@yopmail.com;Mellicent.Dahlia@gmail.com;worker
10296644;Lucille;Creamer;Lucille.Creamer@yopmail.com;Lucille.Creamer@gmail.com;doctor
16055586;Christal;Niles;Christal.Niles@yopmail.com;Christal.Niles@gmail.com;police officer
1228748;Sibella;Oriana;Sibella.Oriana@yopmail.com;Sibella.Oriana@gmail.com;firefighter
89329566;Randa;Pauly;Randa.Pauly@yopmail.com;Randa.Pauly@gmail.com;worker
17383563;Alyssa;Rudolph;Alyssa.Rudolph@yopmail.com;Alyssa.Rudolph@gmail.com;developer
72580635;Trudie;Maryanne;Trudie.Maryanne@yopmail.com;Trudie.Maryanne@gmail.com;police officer
97027639;Cissiee;Ashely;Cissiee.Ashely@yopmail.com;Cissiee.Ashely@gmail.com;doctor
47188376;Valeda;Sherrie;Valeda.Sherrie@yopmail.com;Valeda.Sherrie@gmail.com;doctor
28617366;Alexine;Genna;Alexine.Genna@yopmail.com;Alexine.Genna@gmail.com;doctor
47288769;Ursulina;Skurnik;Ursulina.Skurnik@yopmail.com;Ursulina.Skurnik@gmail.com;worker
92429705;Liana;Mike;Liana.Mike@yopmail.com;Liana.Mike@gmail.com;developer
54677434;Heddie;Fontana;Heddie.Fontana@yopmail.com;Heddie.Fontana@gmail.com;doctor
16526035;Minne;Tufts;Minne.Tufts@yopmail.com;Minne.Tufts@gmail.com;developer
56675258;Mara;Bethany;Mara.Bethany@yopmail.com;Mara.Bethany@gmail.com;developer
31913057;Donnie;Donoghue;Donnie.Donoghue@yopmail.com;Donnie.Donoghue@gmail.com;doctor
36269996;Kate;Boehike;Kate.Boehike@yopmail.com;Kate.Boehike@gmail.com;police officer
17065912;Modestia;Lacombe;Modestia.Lacombe@yopmail.com;Modestia.Lacombe@gmail.com;worker
68095203;Minda;Elephus;Minda.Elephus@yopmail.com;Minda.Elephus@gmail.com;worker
71353014;Danny;Carleen;Danny.Carleen@yopmail.com;Danny.Carleen@gmail.com;doctor
18676936;Andree;LaRue;Andree.LaRue@yopmail.com;Andree.LaRue@gmail.com;doctor
35814979;Nita;Jobi;Nita.Jobi@yopmail.com;Nita.Jobi@gmail.com;worker
12698629;Beverley;Louanna;Beverley.Louanna@yopmail.com;Beverley.Louanna@gmail.com;police officer
82358908;Pierette;Helve;Pierette.Helve@yopmail.com;Pierette.Helve@gmail.com;firefighter
31872941;Silvana;Callista;Silvana.Callista@yopmail.com;Silvana.Callista@gmail.com;firefighter
11487683;Hayley;Cordi;Hayley.Cordi@yopmail.com;Hayley.Cordi@gmail.com;firefighter
47424736;Tobe;Kellby;Tobe.Kellby@yopmail.com;Tobe.Kellby@gmail.com;worker
50012325;Ira;Loeb;Ira.Loeb@yopmail.com;Ira.Loeb@gmail.com;developer
90901356;Ada;Raimondo;Ada.Raimondo@yopmail.com;Ada.Raimondo@gmail.com;police officer
47962288;Dorthy;Kaete;Dorthy.Kaete@yopmail.com;Dorthy.Kaete@gmail.com;developer
80117774;Audrie;Dorothy;Audrie.Dorothy@yopmail.com;Audrie.Dorothy@gmail.com;doctor
57300608;Genovera;Auberbach;Genovera.Auberbach@yopmail.com;Genovera.Auberbach@gmail.com;doctor
94535783;Dorothy;Baudin;Dorothy.Baudin@yopmail.com;Dorothy.Baudin@gmail.com;doctor
97884132;Mathilda;Briney;Mathilda.Briney@yopmail.com;Mathilda.Briney@gmail.com;developer
12406268;Betta;Sabella;Betta.Sabella@yopmail.com;Betta.Sabella@gmail.com;doctor
76183321;Nyssa;Primalia;Nyssa.Primalia@yopmail.com;Nyssa.Primalia@gmail.com;police officer
9178561;Glenda;Edmund;Glenda.Edmund@yopmail.com;Glenda.Edmund@gmail.com;worker
4198653;Molli;Kimmie;Molli.Kimmie@yopmail.com;Molli.Kimmie@gmail.com;worker
80397017;Dorice;Ricarda;Dorice.Ricarda@yopmail.com;Dorice.Ricarda@gmail.com;doctor
70708965;Tomasina;Carvey;Tomasina.Carvey@yopmail.com;Tomasina.Carvey@gmail.com;doctor
71406555;Riannon;Rheingold;Riannon.Rheingold@yopmail.com;Riannon.Rheingold@gmail.com;firefighter
91939927;Melanie;Bergman;Melanie.Bergman@yopmail.com;Melanie.Bergman@gmail.com;firefighter
8286551;Hermione;Latini;Hermione.Latini@yopmail.com;Hermione.Latini@gmail.com;doctor
40248190;Dulce;Modie;Dulce.Modie@yopmail.com;Dulce.Modie@gmail.com;worker
91114303;Dyann;Boycey;Dyann.Boycey@yopmail.com;Dyann.Boycey@gmail.com;worker
72058098;Leona;Eugenia;Leona.Eugenia@yopmail.com;Leona.Eugenia@gmail.com;worker
40616625;Jemie;Arathorn;Jemie.Arathorn@yopmail.com;Jemie.Arathorn@gmail.com;firefighter
86913393;Joceline;Hanleigh;Joceline.Hanleigh@yopmail.com;Joceline.Hanleigh@gmail.com;firefighter
48319482;Jsandye;Philoo;Jsandye.Philoo@yopmail.com;Jsandye.Philoo@gmail.com;firefighter
33933390;Meg;Roche;Meg.Roche@yopmail.com;Meg.Roche@gmail.com;developer
44419312;Fidelia;Drisko;Fidelia.Drisko@yopmail.com;Fidelia.Drisko@gmail.com;police officer
27167289;Gerrie;Silvan;Gerrie.Silvan@yopmail.com;Gerrie.Silvan@gmail.com;worker
33231529;Bobinette;Sinegold;Bobinette.Sinegold@yopmail.com;Bobinette.Sinegold@gmail.com;firefighter
79052963;Aaren;Read;Aaren.Read@yopmail.com;Aaren.Read@gmail.com;worker
10982853;Judy;Creamer;Judy.Creamer@yopmail.com;Judy.Creamer@gmail.com;firefighter
81385636;Sadie;Autrey;Sadie.Autrey@yopmail.com;Sadie.Autrey@gmail.com;police officer
90590555;Evaleen;Rhu;Evaleen.Rhu@yopmail.com;Evaleen.Rhu@gmail.com;developer
24480813;Angelique;Redmond;Angelique.Redmond@yopmail.com;Angelique.Redmond@gmail.com;worker
82659414;Annecorinne;Emerson;Annecorinne.Emerson@yopmail.com;Annecorinne.Emerson@gmail.com;worker
81150387;Rochette;Macey;Rochette.Macey@yopmail.com;Rochette.Macey@gmail.com;firefighter
42901889;Giustina;Michella;Giustina.Michella@yopmail.com;Giustina.Michella@gmail.com;doctor
89414911;Anthia;Danby;Anthia.Danby@yopmail.com;Anthia.Danby@gmail.com;doctor
55698554;Romona;Kaete;Romona.Kaete@yopmail.com;Romona.Kaete@gmail.com;developer
26205291;Eadie;Cyrie;Eadie.Cyrie@yopmail.com;Eadie.Cyrie@gmail.com;doctor
46698532;Jere;Graig;Jere.Graig@yopmail.com;Jere.Graig@gmail.com;doctor
52329108;Tami;Strephon;Tami.Strephon@yopmail.com;Tami.Strephon@gmail.com;doctor
94977457;Edee;Soneson;Edee.Soneson@yopmail.com;Edee.Soneson@gmail.com;worker
6857851;Linzy;Euridice;Linzy.Euridice@yopmail.com;Linzy.Euridice@gmail.com;firefighter
5269231;Correy;Francene;Correy.Francene@yopmail.com;Correy.Francene@gmail.com;firefighter
22318595;Kara-Lynn;Ogren;Kara-Lynn.Ogren@yopmail.com;Kara-Lynn.Ogren@gmail.com;doctor
38000276;Dode;Kendrick;Dode.Kendrick@yopmail.com;Dode.Kendrick@gmail.com;firefighter
10578876;Gloria;Crudden;Gloria.Crudden@yopmail.com;Gloria.Crudden@gmail.com;doctor
88555490;Jsandye;Niccolo;Jsandye.Niccolo@yopmail.com;Jsandye.Niccolo@gmail.com;police officer
62314695;Melisent;Brieta;Melisent.Brieta@yopmail.com;Melisent.Brieta@gmail.com;doctor
10820742;Marleah;Colleen;Marleah.Colleen@yopmail.com;Marleah.Colleen@gmail.com;developer
84108227;Gabi;Gaynor;Gabi.Gaynor@yopmail.com;Gabi.Gaynor@gmail.com;police officer
57387509;Caritta;Prober;Caritta.Prober@yopmail.com;Caritta.Prober@gmail.com;firefighter
57946721;Jenilee;Norrie;Jenilee.Norrie@yopmail.com;Jenilee.Norrie@gmail.com;police officer
40352363;Agnese;Japeth;Agnese.Japeth@yopmail.com;Agnese.Japeth@gmail.com;developer
2718159;Mallory;Longfellow;Mallory.Longfellow@yopmail.com;Mallory.Longfellow@gmail.com;worker
70353926;Etta;Nea;Etta.Nea@yopmail.com;Etta.Nea@gmail.com;police officer
85987609;Robbi;Terrence;Robbi.Terrence@yopmail.com;Robbi.Terrence@gmail.com;police officer
99713948;Edith;Kenwood;Edith.Kenwood@yopmail.com;Edith.Kenwood@gmail.com;firefighter
53097122;Mariele;Mauer;Mariele.Mauer@yopmail.com;Mariele.Mauer@gmail.com;police officer
59516391;Nickie;Ahab;Nickie.Ahab@yopmail.com;Nickie.Ahab@gmail.com;developer
84660381;Elie;Gibbeon;Elie.Gibbeon@yopmail.com;Elie.Gibbeon@gmail.com;worker
98797312;Roxane;Kazimir;Roxane.Kazimir@yopmail.com;Roxane.Kazimir@gmail.com;doctor
46444543;Carly;Zaslow;Carly.Zaslow@yopmail.com;Carly.Zaslow@gmail.com;worker
65186416;Elie;Colp;Elie.Colp@yopmail.com;Elie.Colp@gmail.com;worker
78527977;Jillayne;Wilona;Jillayne.Wilona@yopmail.com;Jillayne.Wilona@gmail.com;worker
9614047;Linzy;Warthman;Linzy.Warthman@yopmail.com;Linzy.Warthman@gmail.com;firefighter
38289155;Maud;Faro;Maud.Faro@yopmail.com;Maud.Faro@gmail.com;worker
66981768;Valeda;Bandeen;Valeda.Bandeen@yopmail.com;Valeda.Bandeen@gmail.com;firefighter
39283993;Viviene;Rurik;Viviene.Rurik@yopmail.com;Viviene.Rurik@gmail.com;worker
25868468;Frances;Lindemann;Frances.Lindemann@yopmail.com;Frances.Lindemann@gmail.com;firefighter
14843820;Marylou;Elephus;Marylou.Elephus@yopmail.com;Marylou.Elephus@gmail.com;doctor
14134210;Mariann;Fax;Mariann.Fax@yopmail.com;Mariann.Fax@gmail.com;firefighter
41994519;Anestassia;Brian;Anestassia.Brian@yopmail.com;Anestassia.Brian@gmail.com;police officer
18395437;Lynnea;Curren;Lynnea.Curren@yopmail.com;Lynnea.Curren@gmail.com;doctor
75754760;Viviene;Stelle;Viviene.Stelle@yopmail.com;Viviene.Stelle@gmail.com;developer
31602528;Gloria;Nickola;Gloria.Nickola@yopmail.com;Gloria.Nickola@gmail.com;doctor
69831880;Justinn;Peg;Justinn.Peg@yopmail.com;Justinn.Peg@gmail.com;worker
94990199;Dennie;Timon;Dennie.Timon@yopmail.com;Dennie.Timon@gmail.com;firefighter
96577701;Flo;Slifka;Flo.Slifka@yopmail.com;Flo.Slifka@gmail.com;firefighter
28138328;Ulrike;Grimbly;Ulrike.Grimbly@yopmail.com;Ulrike.Grimbly@gmail.com;worker
55129793;Vonny;Baudin;Vonny.Baudin@yopmail.com;Vonny.Baudin@gmail.com;police officer
90480452;Donetta;Payson;Donetta.Payson@yopmail.com;Donetta.Payson@gmail.com;firefighter
2019107;Ilse;Bonucci;Ilse.Bonucci@yopmail.com;Ilse.Bonucci@gmail.com;police officer
21765478;Leontine;Gemini;Leontine.Gemini@yopmail.com;Leontine.Gemini@gmail.com;police officer
3141071;Harmonia;Olnee;Harmonia.Olnee@yopmail.com;Harmonia.Olnee@gmail.com;worker
14327234;Liana;Teryn;Liana.Teryn@yopmail.com;Liana.Teryn@gmail.com;police officer
72551033;Hermione;Romelda;Hermione.Romelda@yopmail.com;Hermione.Romelda@gmail.com;developer
60071469;Alameda;Knowling;Alameda.Knowling@yopmail.com;Alameda.Knowling@gmail.com;doctor
55163943;Babita;Karl;Babita.Karl@yopmail.com;Babita.Karl@gmail.com;developer
56388902;Mahalia;Bibi;Mahalia.Bibi@yopmail.com;Mahalia.Bibi@gmail.com;developer
3611648;Dotty;Marsden;Dotty.Marsden@yopmail.com;Dotty.Marsden@gmail.com;doctor
28355751;Ivett;Janene;Ivett.Janene@yopmail.com;Ivett.Janene@gmail.com;worker
82932610;Brandise;Diogenes;Brandise.Diogenes@yopmail.com;Brandise.Diogenes@gmail.com;police officer
54974124;Evaleen;Thunell;Evaleen.Thunell@yopmail.com;Evaleen.Thunell@gmail.com;developer
31032718;Lusa;Fitzsimmons;Lusa.Fitzsimmons@yopmail.com;Lusa.Fitzsimmons@gmail.com;worker
8186431;Devina;Modie;Devina.Modie@yopmail.com;Devina.Modie@gmail.com;worker
29248322;Laure;Standing;Laure.Standing@yopmail.com;Laure.Standing@gmail.com;police officer
82781383;Aryn;Saint;Aryn.Saint@yopmail.com;Aryn.Saint@gmail.com;police officer
80670262;Rhoda;Ummersen;Rhoda.Ummersen@yopmail.com;Rhoda.Ummersen@gmail.com;police officer
57188592;Iseabal;Iaverne;Iseabal.Iaverne@yopmail.com;Iseabal.Iaverne@gmail.com;firefighter
69907806;Marguerite;Shaddock;Marguerite.Shaddock@yopmail.com;Marguerite.Shaddock@gmail.com;doctor
55436364;Aeriela;Sperling;Aeriela.Sperling@yopmail.com;Aeriela.Sperling@gmail.com;worker
41435254;Melodie;Capello;Melodie.Capello@yopmail.com;Melodie.Capello@gmail.com;worker
86871830;Leona;Penelopa;Leona.Penelopa@yopmail.com;Leona.Penelopa@gmail.com;police officer
82797798;Nessie;Emmy;Nessie.Emmy@yopmail.com;Nessie.Emmy@gmail.com;developer
94813738;Trixi;Hollingsworth;Trixi.Hollingsworth@yopmail.com;Trixi.Hollingsworth@gmail.com;worker
98091072;Aubrie;Lunsford;Aubrie.Lunsford@yopmail.com;Aubrie.Lunsford@gmail.com;developer
95867275;Carol-Jean;Chem;Carol-Jean.Chem@yopmail.com;Carol-Jean.Chem@gmail.com;police officer
34267172;Darlleen;Regan;Darlleen.Regan@yopmail.com;Darlleen.Regan@gmail.com;doctor
13743926;Juliane;Fancie;Juliane.Fancie@yopmail.com;Juliane.Fancie@gmail.com;police officer
44773186;Jsandye;Noelyn;Jsandye.Noelyn@yopmail.com;Jsandye.Noelyn@gmail.com;developer
81539716;Oona;Loeb;Oona.Loeb@yopmail.com;Oona.Loeb@gmail.com;doctor
80037547;Meriel;Soneson;Meriel.Soneson@yopmail.com;Meriel.Soneson@gmail.com;police officer
64148535;Marika;Killigrew;Marika.Killigrew@yopmail.com;Marika.Killigrew@gmail.com;police officer
19158466;Karly;Khorma;Karly.Khorma@yopmail.com;Karly.Khorma@gmail.com;doctor
13298165;Alia;Verger;Alia.Verger@yopmail.com;Alia.Verger@gmail.com;developer
99769819;Gwyneth;Penelopa;Gwyneth.Penelopa@yopmail.com;Gwyneth.Penelopa@gmail.com;developer
27438596;Moyna;Primalia;Moyna.Primalia@yopmail.com;Moyna.Primalia@gmail.com;developer
58617858;Etta;Forrer;Etta.Forrer@yopmail.com;Etta.Forrer@gmail.com;doctor
78355784;Kerrin;Letsou;Kerrin.Letsou@yopmail.com;Kerrin.Letsou@gmail.com;developer
76103886;Rubie;Mayeda;Rubie.Mayeda@yopmail.com;Rubie.Mayeda@gmail.com;police officer
56052457;Cherrita;Jotham;Cherrita.Jotham@yopmail.com;Cherrita.Jotham@gmail.com;police officer
75990987;Kerrin;Redmond;Kerrin.Redmond@yopmail.com;Kerrin.Redmond@gmail.com;developer
45493876;Concettina;Amand;Concettina.Amand@yopmail.com;Concettina.Amand@gmail.com;doctor
54092531;Darci;Magdalen;Darci.Magdalen@yopmail.com;Darci.Magdalen@gmail.com;police officer
93748708;Susette;Syd;Susette.Syd@yopmail.com;Susette.Syd@gmail.com;police officer
37249746;Elora;Fillbert;Elora.Fillbert@yopmail.com;Elora.Fillbert@gmail.com;firefighter
71086931;Sue;Sammons;Sue.Sammons@yopmail.com;Sue.Sammons@gmail.com;worker
62613664;Hollie;Lay;Hollie.Lay@yopmail.com;Hollie.Lay@gmail.com;doctor
33620256;Ilse;Macey;Ilse.Macey@yopmail.com;Ilse.Macey@gmail.com;police officer
37003909;Aubrie;Bury;Aubrie.Bury@yopmail.com;Aubrie.Bury@gmail.com;worker
9700991;Annecorinne;Sallyann;Annecorinne.Sallyann@yopmail.com;Annecorinne.Sallyann@gmail.com;developer
80430263;Lilith;Vilma;Lilith.Vilma@yopmail.com;Lilith.Vilma@gmail.com;developer
27115637;Xylina;Hutchison;Xylina.Hutchison@yopmail.com;Xylina.Hutchison@gmail.com;developer
60875362;Larine;Helve;Larine.Helve@yopmail.com;Larine.Helve@gmail.com;doctor
34349603;Verla;Astra;Verla.Astra@yopmail.com;Verla.Astra@gmail.com;worker
90163555;Julieta;Lewes;Julieta.Lewes@yopmail.com;Julieta.Lewes@gmail.com;worker
43850279;Mureil;Abbot;Mureil.Abbot@yopmail.com;Mureil.Abbot@gmail.com;police officer
76600905;Tamqrah;Shanley;Tamqrah.Shanley@yopmail.com;Tamqrah.Shanley@gmail.com;developer
84641578;Clo;Bettine;Clo.Bettine@yopmail.com;Clo.Bettine@gmail.com;worker
30848643;Selma;Standing;Selma.Standing@yopmail.com;Selma.Standing@gmail.com;doctor
55652561;Linet;Dielu;Linet.Dielu@yopmail.com;Linet.Dielu@gmail.com;worker
16580017;Bernie;Wiener;Bernie.Wiener@yopmail.com;Bernie.Wiener@gmail.com;developer
35398528;Fernande;Erich;Fernande.Erich@yopmail.com;Fernande.Erich@gmail.com;police officer
72878396;Laurene;Knowling;Laurene.Knowling@yopmail.com;Laurene.Knowling@gmail.com;developer
65340098;Renie;Hailee;Renie.Hailee@yopmail.com;Renie.Hailee@gmail.com;developer
53434157;Lorenza;Maisey;Lorenza.Maisey@yopmail.com;Lorenza.Maisey@gmail.com;firefighter
38011451;Selia;Madaih;Selia.Madaih@yopmail.com;Selia.Madaih@gmail.com;worker
33109213;Kalina;Keelia;Kalina.Keelia@yopmail.com;Kalina.Keelia@gmail.com;worker
29178837;Oona;Jacqui;Oona.Jacqui@yopmail.com;Oona.Jacqui@gmail.com;firefighter
55724314;Hyacinthe;Egbert;Hyacinthe.Egbert@yopmail.com;Hyacinthe.Egbert@gmail.com;worker
97930857;Kara-Lynn;Cordi;Kara-Lynn.Cordi@yopmail.com;Kara-Lynn.Cordi@gmail.com;worker
76049891;Elfreda;Stevy;Elfreda.Stevy@yopmail.com;Elfreda.Stevy@gmail.com;doctor
55817950;Sheelagh;Mayeda;Sheelagh.Mayeda@yopmail.com;Sheelagh.Mayeda@gmail.com;worker
58570720;Caryl;Toffic;Caryl.Toffic@yopmail.com;Caryl.Toffic@gmail.com;developer
48207244;Dotty;Randene;Dotty.Randene@yopmail.com;Dotty.Randene@gmail.com;developer
16036275;Stephanie;Durware;Stephanie.Durware@yopmail.com;Stephanie.Durware@gmail.com;police officer
17125764;Margarette;Nerita;Margarette.Nerita@yopmail.com;Margarette.Nerita@gmail.com;firefighter
67891158;Loree;Grosz;Loree.Grosz@yopmail.com;Loree.Grosz@gmail.com;police officer
80860903;Nicoli;Emanuel;Nicoli.Emanuel@yopmail.com;Nicoli.Emanuel@gmail.com;firefighter
91328978;Shaine;Kirstin;Shaine.Kirstin@yopmail.com;Shaine.Kirstin@gmail.com;developer
55262657;Amara;Markman;Amara.Markman@yopmail.com;Amara.Markman@gmail.com;police officer
34987216;Jemie;Bari;Jemie.Bari@yopmail.com;Jemie.Bari@gmail.com;police officer
29074814;Claresta;Harday;Claresta.Harday@yopmail.com;Claresta.Harday@gmail.com;worker
82912856;Amara;Vanni;Amara.Vanni@yopmail.com;Amara.Vanni@gmail.com;police officer
91346465;Eve;Emerson;Eve.Emerson@yopmail.com;Eve.Emerson@gmail.com;doctor
39394523;Corene;Hanleigh;Corene.Hanleigh@yopmail.com;Corene.Hanleigh@gmail.com;worker
80151879;Adriana;Dulciana;Adriana.Dulciana@yopmail.com;Adriana.Dulciana@gmail.com;firefighter
53378446;Cindelyn;Allare;Cindelyn.Allare@yopmail.com;Cindelyn.Allare@gmail.com;firefighter
96253179;Alleen;Schalles;Alleen.Schalles@yopmail.com;Alleen.Schalles@gmail.com;firefighter
1326406;Marjie;Brunell;Marjie.Brunell@yopmail.com;Marjie.Brunell@gmail.com;doctor
59562672;Ermengarde;Barrus;Ermengarde.Barrus@yopmail.com;Ermengarde.Barrus@gmail.com;doctor
81297690;Dagmar;Pyle;Dagmar.Pyle@yopmail.com;Dagmar.Pyle@gmail.com;worker
11553869;Nikki;Valoniah;Nikki.Valoniah@yopmail.com;Nikki.Valoniah@gmail.com;doctor
93624587;Larine;Aldric;Larine.Aldric@yopmail.com;Larine.Aldric@gmail.com;doctor
37968833;Kirbee;Graig;Kirbee.Graig@yopmail.com;Kirbee.Graig@gmail.com;police officer
99345971;Clary;Artie;Clary.Artie@yopmail.com;Clary.Artie@gmail.com;police officer
91664712;Britte;Dalli;Britte.Dalli@yopmail.com;Britte.Dalli@gmail.com;worker
78470470;Lita;Carey;Lita.Carey@yopmail.com;Lita.Carey@gmail.com;worker
82754133;Collen;Lareena;Collen.Lareena@yopmail.com;Collen.Lareena@gmail.com;developer
17187266;Raquela;Codding;Raquela.Codding@yopmail.com;Raquela.Codding@gmail.com;police officer
75671193;Maye;Ephrem;Maye.Ephrem@yopmail.com;Maye.Ephrem@gmail.com;worker
94994437;Ariela;Belldas;Ariela.Belldas@yopmail.com;Ariela.Belldas@gmail.com;police officer
96498597;Cordi;Maryanne;Cordi.Maryanne@yopmail.com;Cordi.Maryanne@gmail.com;firefighter
2503896;Myriam;Roscoe;Myriam.Roscoe@yopmail.com;Myriam.Roscoe@gmail.com;developer
80231007;Estell;Ruvolo;Estell.Ruvolo@yopmail.com;Estell.Ruvolo@gmail.com;worker
2203567;Felice;Kare;Felice.Kare@yopmail.com;Felice.Kare@gmail.com;police officer
57765906;Dotty;Sasnett;Dotty.Sasnett@yopmail.com;Dotty.Sasnett@gmail.com;developer
42803790;Raquela;Anestassia;Raquela.Anestassia@yopmail.com;Raquela.Anestassia@gmail.com;developer
46288801;Alie;Cimbura;Alie.Cimbura@yopmail.com;Alie.Cimbura@gmail.com;firefighter
18940107;Marylou;Joeann;Marylou.Joeann@yopmail.com;Marylou.Joeann@gmail.com;police officer
5062045;Johna;Sacken;Johna.Sacken@yopmail.com;Johna.Sacken@gmail.com;doctor
28255731;Ekaterina;Nahum;Ekaterina.Nahum@yopmail.com;Ekaterina.Nahum@gmail.com;police officer
91928563;Nessie;Rurik;Nessie.Rurik@yopmail.com;Nessie.Rurik@gmail.com;developer
6083334;Margette;Nicoline;Margette.Nicoline@yopmail.com;Margette.Nicoline@gmail.com;developer
66318210;Brooks;Joeann;Brooks.Joeann@yopmail.com;Brooks.Joeann@gmail.com;firefighter
35369977;Susette;Faria;Susette.Faria@yopmail.com;Susette.Faria@gmail.com;police officer
84048967;Elvira;Carri;Elvira.Carri@yopmail.com;Elvira.Carri@gmail.com;doctor
3112808;Lorenza;Fennessy;Lorenza.Fennessy@yopmail.com;Lorenza.Fennessy@gmail.com;doctor
42056786;Therine;Goddard;Therine.Goddard@yopmail.com;Therine.Goddard@gmail.com;developer
85230453;Alejandra;Kelula;Alejandra.Kelula@yopmail.com;Alejandra.Kelula@gmail.com;worker
97256364;Dorene;Cimbura;Dorene.Cimbura@yopmail.com;Dorene.Cimbura@gmail.com;developer
89339615;Consuela;Janene;Consuela.Janene@yopmail.com;Consuela.Janene@gmail.com;worker
5063674;Cherilyn;Donoghue;Cherilyn.Donoghue@yopmail.com;Cherilyn.Donoghue@gmail.com;police officer
28988553;Sandie;Juliet;Sandie.Juliet@yopmail.com;Sandie.Juliet@gmail.com;doctor
71362259;Ardys;Drus;Ardys.Drus@yopmail.com;Ardys.Drus@gmail.com;doctor
91845088;Angelique;Bettine;Angelique.Bettine@yopmail.com;Angelique.Bettine@gmail.com;worker
198998;Aeriela;Latini;Aeriela.Latini@yopmail.com;Aeriela.Latini@gmail.com;developer
29649222;Minne;Demitria;Minne.Demitria@yopmail.com;Minne.Demitria@gmail.com;worker
63201075;Janey;MacIntosh;Janey.MacIntosh@yopmail.com;Janey.MacIntosh@gmail.com;doctor
88502889;Cherilyn;Maribeth;Cherilyn.Maribeth@yopmail.com;Cherilyn.Maribeth@gmail.com;developer
19367899;Lita;Clywd;Lita.Clywd@yopmail.com;Lita.Clywd@gmail.com;police officer
133737;Gianina;Cressida;Gianina.Cressida@yopmail.com;Gianina.Cressida@gmail.com;doctor
33939884;Sindee;Rolf;Sindee.Rolf@yopmail.com;Sindee.Rolf@gmail.com;doctor
20977600;Betta;Harriman;Betta.Harriman@yopmail.com;Betta.Harriman@gmail.com;worker
76204325;Fanny;Vary;Fanny.Vary@yopmail.com;Fanny.Vary@gmail.com;worker
81382722;Aigneis;Goode;Aigneis.Goode@yopmail.com;Aigneis.Goode@gmail.com;doctor
20483674;Genevra;Janith;Genevra.Janith@yopmail.com;Genevra.Janith@gmail.com;firefighter
83314509;Diena;Natalia;Diena.Natalia@yopmail.com;Diena.Natalia@gmail.com;firefighter
36965725;Almeta;Casimir;Almeta.Casimir@yopmail.com;Almeta.Casimir@gmail.com;developer
76044859;Valli;Bach;Valli.Bach@yopmail.com;Valli.Bach@gmail.com;doctor
71513033;Ezmeralda;Kazimir;Ezmeralda.Kazimir@yopmail.com;Ezmeralda.Kazimir@gmail.com;developer
64547670;Nonnah;Koziara;Nonnah.Koziara@yopmail.com;Nonnah.Koziara@gmail.com;worker
46723171;Sindee;Boycey;Sindee.Boycey@yopmail.com;Sindee.Boycey@gmail.com;firefighter
76279851;Loree;Shelba;Loree.Shelba@yopmail.com;Loree.Shelba@gmail.com;doctor
75969077;Sheelagh;Sallyann;Sheelagh.Sallyann@yopmail.com;Sheelagh.Sallyann@gmail.com;police officer
26989257;Aigneis;Laverne;Aigneis.Laverne@yopmail.com;Aigneis.Laverne@gmail.com;doctor
92131293;Imojean;Stelle;Imojean.Stelle@yopmail.com;Imojean.Stelle@gmail.com;doctor
39747782;Ashlee;Dorothy;Ashlee.Dorothy@yopmail.com;Ashlee.Dorothy@gmail.com;worker
23403648;Cherrita;Skurnik;Cherrita.Skurnik@yopmail.com;Cherrita.Skurnik@gmail.com;police officer
85448034;Jillayne;Delacourt;Jillayne.Delacourt@yopmail.com;Jillayne.Delacourt@gmail.com;worker
14861796;Dari;Janene;Dari.Janene@yopmail.com;Dari.Janene@gmail.com;developer
21733656;Olwen;Gower;Olwen.Gower@yopmail.com;Olwen.Gower@gmail.com;doctor
50926699;Roz;Dowski;Roz.Dowski@yopmail.com;Roz.Dowski@gmail.com;worker
21847503;Claudina;Hashim;Claudina.Hashim@yopmail.com;Claudina.Hashim@gmail.com;worker
75413424;Giustina;Curren;Giustina.Curren@yopmail.com;Giustina.Curren@gmail.com;firefighter
68272361;Ricky;Elephus;Ricky.Elephus@yopmail.com;Ricky.Elephus@gmail.com;police officer
28591672;Nelle;Shaddock;Nelle.Shaddock@yopmail.com;Nelle.Shaddock@gmail.com;police officer
99349524;Nataline;Douglass;Nataline.Douglass@yopmail.com;Nataline.Douglass@gmail.com;doctor
8266198;Daune;Marsden;Daune.Marsden@yopmail.com;Daune.Marsden@gmail.com;firefighter
62270042;Darlleen;Salvidor;Darlleen.Salvidor@yopmail.com;Darlleen.Salvidor@gmail.com;doctor
88572456;Olivette;Kussell;Olivette.Kussell@yopmail.com;Olivette.Kussell@gmail.com;firefighter
5927548;Dari;Aida;Dari.Aida@yopmail.com;Dari.Aida@gmail.com;worker
84038493;Frieda;Gert;Frieda.Gert@yopmail.com;Frieda.Gert@gmail.com;doctor
6412474;Hollie;Amand;Hollie.Amand@yopmail.com;Hollie.Amand@gmail.com;worker
70051193;Michaelina;Carey;Michaelina.Carey@yopmail.com;Michaelina.Carey@gmail.com;police officer
24741933;Harrietta;Secrest;Harrietta.Secrest@yopmail.com;Harrietta.Secrest@gmail.com;worker
96227180;Moyna;Fennessy;Moyna.Fennessy@yopmail.com;Moyna.Fennessy@gmail.com;doctor
34957737;Renae;Ilka;Renae.Ilka@yopmail.com;Renae.Ilka@gmail.com;firefighter
92357561;Desirae;Pitt;Desirae.Pitt@yopmail.com;Desirae.Pitt@gmail.com;worker
57579651;Karina;Brandice;Karina.Brandice@yopmail.com;Karina.Brandice@gmail.com;firefighter
67102993;Rosabelle;Philoo;Rosabelle.Philoo@yopmail.com;Rosabelle.Philoo@gmail.com;doctor
67159140;Vere;Seumas;Vere.Seumas@yopmail.com;Vere.Seumas@gmail.com;worker
10379623;Dorothy;Aloise;Dorothy.Aloise@yopmail.com;Dorothy.Aloise@gmail.com;police officer
64685709;Dorene;Stacy;Dorene.Stacy@yopmail.com;Dorene.Stacy@gmail.com;doctor
18132456;Janey;Jagir;Janey.Jagir@yopmail.com;Janey.Jagir@gmail.com;developer
10505953;Georgetta;Armanda;Georgetta.Armanda@yopmail.com;Georgetta.Armanda@gmail.com;police officer
92027813;Valeda;Anderea;Valeda.Anderea@yopmail.com;Valeda.Anderea@gmail.com;worker
8159213;Gilda;Kress;Gilda.Kress@yopmail.com;Gilda.Kress@gmail.com;firefighter
1391151;Jordan;Raimondo;Jordan.Raimondo@yopmail.com;Jordan.Raimondo@gmail.com;doctor
67758393;Doralynne;Martsen;Doralynne.Martsen@yopmail.com;Doralynne.Martsen@gmail.com;police officer
95614275;Angelique;Soneson;Angelique.Soneson@yopmail.com;Angelique.Soneson@gmail.com;worker
21959126;Coral;Odysseus;Coral.Odysseus@yopmail.com;Coral.Odysseus@gmail.com;worker
58063822;Kimberley;Publia;Kimberley.Publia@yopmail.com;Kimberley.Publia@gmail.com;doctor
79540083;Fayre;Wildermuth;Fayre.Wildermuth@yopmail.com;Fayre.Wildermuth@gmail.com;firefighter
56426901;Dawn;Forrer;Dawn.Forrer@yopmail.com;Dawn.Forrer@gmail.com;police officer
82196680;Patricia;Hessler;Patricia.Hessler@yopmail.com;Patricia.Hessler@gmail.com;doctor
38608089;Adriana;Krystle;Adriana.Krystle@yopmail.com;Adriana.Krystle@gmail.com;developer
99304792;Gratia;Gemini;Gratia.Gemini@yopmail.com;Gratia.Gemini@gmail.com;developer
73738044;Teddie;Iaverne;Teddie.Iaverne@yopmail.com;Teddie.Iaverne@gmail.com;worker
96256167;Merrie;Desai;Merrie.Desai@yopmail.com;Merrie.Desai@gmail.com;doctor
33788190;Katharina;Paine;Katharina.Paine@yopmail.com;Katharina.Paine@gmail.com;firefighter
16058076;Yvonne;Carey;Yvonne.Carey@yopmail.com;Yvonne.Carey@gmail.com;worker
53517008;Carmencita;Syd;Carmencita.Syd@yopmail.com;Carmencita.Syd@gmail.com;developer
30787480;Tressa;Chabot;Tressa.Chabot@yopmail.com;Tressa.Chabot@gmail.com;police officer
69905152;Aeriela;Love;Aeriela.Love@yopmail.com;Aeriela.Love@gmail.com;firefighter
19678456;Collen;Teryn;Collen.Teryn@yopmail.com;Collen.Teryn@gmail.com;police officer
64326347;Merry;Grimbly;Merry.Grimbly@yopmail.com;Merry.Grimbly@gmail.com;police officer
46514530;Gretal;Garrison;Gretal.Garrison@yopmail.com;Gretal.Garrison@gmail.com;worker
4817782;Sindee;Margret;Sindee.Margret@yopmail.com;Sindee.Margret@gmail.com;doctor
1702569;Rayna;Kravits;Rayna.Kravits@yopmail.com;Rayna.Kravits@gmail.com;worker
17371846;Jacquetta;Simmonds;Jacquetta.Simmonds@yopmail.com;Jacquetta.Simmonds@gmail.com;police officer
4479903;Belinda;Vilma;Belinda.Vilma@yopmail.com;Belinda.Vilma@gmail.com;worker
31966648;Janis;Gwenore;Janis.Gwenore@yopmail.com;Janis.Gwenore@gmail.com;developer
61826638;Annaliese;Lareena;Annaliese.Lareena@yopmail.com;Annaliese.Lareena@gmail.com;police officer
37302794;Katuscha;Zetta;Katuscha.Zetta@yopmail.com;Katuscha.Zetta@gmail.com;developer
15043439;Verla;Kristi;Verla.Kristi@yopmail.com;Verla.Kristi@gmail.com;firefighter
11499672;Kore;Hylan;Kore.Hylan@yopmail.com;Kore.Hylan@gmail.com;doctor
51004256;Dione;Imelida;Dione.Imelida@yopmail.com;Dione.Imelida@gmail.com;police officer
88725336;Emma;Longfellow;Emma.Longfellow@yopmail.com;Emma.Longfellow@gmail.com;firefighter
56138195;Ellette;Phaidra;Ellette.Phaidra@yopmail.com;Ellette.Phaidra@gmail.com;worker
88795692;Joane;Lutero;Joane.Lutero@yopmail.com;Joane.Lutero@gmail.com;developer
73470535;Nelle;Tybald;Nelle.Tybald@yopmail.com;Nelle.Tybald@gmail.com;developer
24833852;Olivette;Carri;Olivette.Carri@yopmail.com;Olivette.Carri@gmail.com;developer
5351576;Iseabal;Teryn;Iseabal.Teryn@yopmail.com;Iseabal.Teryn@gmail.com;worker
41457869;Wynne;Verger;Wynne.Verger@yopmail.com;Wynne.Verger@gmail.com;police officer
96330889;Layla;Harned;Layla.Harned@yopmail.com;Layla.Harned@gmail.com;firefighter
35907396;Rhoda;Brackely;Rhoda.Brackely@yopmail.com;Rhoda.Brackely@gmail.com;doctor
34257769;Paule;Kirbee;Paule.Kirbee@yopmail.com;Paule.Kirbee@gmail.com;police officer
45151976;Bee;Vernier;Bee.Vernier@yopmail.com;Bee.Vernier@gmail.com;doctor
76206293;Dianemarie;Toni;Dianemarie.Toni@yopmail.com;Dianemarie.Toni@gmail.com;worker
6326546;Mariann;Posner;Mariann.Posner@yopmail.com;Mariann.Posner@gmail.com;police officer
80610155;Fidelia;Izaak;Fidelia.Izaak@yopmail.com;Fidelia.Izaak@gmail.com;worker
40239914;Queenie;Drus;Queenie.Drus@yopmail.com;Queenie.Drus@gmail.com;developer
7262044;Orelia;Jenness;Orelia.Jenness@yopmail.com;Orelia.Jenness@gmail.com;doctor
39286534;Valeda;Chabot;Valeda.Chabot@yopmail.com;Valeda.Chabot@gmail.com;firefighter
25420954;Renae;Fancie;Renae.Fancie@yopmail.com;Renae.Fancie@gmail.com;doctor
67938108;Adelle;Tatianas;Adelle.Tatianas@yopmail.com;Adelle.Tatianas@gmail.com;firefighter
54000997;Maisey;Wittie;Maisey.Wittie@yopmail.com;Maisey.Wittie@gmail.com;developer
82199542;Nananne;Cristi;Nananne.Cristi@yopmail.com;Nananne.Cristi@gmail.com;worker
19532458;Vita;Wareing;Vita.Wareing@yopmail.com;Vita.Wareing@gmail.com;firefighter
68721196;Johna;Germann;Johna.Germann@yopmail.com;Johna.Germann@gmail.com;developer
79632881;Sadie;Ciapas;Sadie.Ciapas@yopmail.com;Sadie.Ciapas@gmail.com;firefighter
44901809;Sadie;Knowling;Sadie.Knowling@yopmail.com;Sadie.Knowling@gmail.com;developer
78405874;Rori;Sidonius;Rori.Sidonius@yopmail.com;Rori.Sidonius@gmail.com;firefighter
50186162;Wileen;Maisey;Wileen.Maisey@yopmail.com;Wileen.Maisey@gmail.com;doctor
13006091;Dione;Auberbach;Dione.Auberbach@yopmail.com;Dione.Auberbach@gmail.com;worker
10020878;Britni;Pascia;Britni.Pascia@yopmail.com;Britni.Pascia@gmail.com;police officer
93867847;Sissy;August;Sissy.August@yopmail.com;Sissy.August@gmail.com;police officer
54867153;Allis;Shelba;Allis.Shelba@yopmail.com;Allis.Shelba@gmail.com;police officer
86139982;Joleen;Cynar;Joleen.Cynar@yopmail.com;Joleen.Cynar@gmail.com;developer
83845167;Gwyneth;Edmund;Gwyneth.Edmund@yopmail.com;Gwyneth.Edmund@gmail.com;doctor
99216732;Minne;Kiyoshi;Minne.Kiyoshi@yopmail.com;Minne.Kiyoshi@gmail.com;developer
47699361;Marcy;Lorenz;Marcy.Lorenz@yopmail.com;Marcy.Lorenz@gmail.com;doctor
26843084;Mildrid;Adrienne;Mildrid.Adrienne@yopmail.com;Mildrid.Adrienne@gmail.com;doctor
87375629;Dulcinea;Gale;Dulcinea.Gale@yopmail.com;Dulcinea.Gale@gmail.com;developer
24540041;Feliza;Wattenberg;Feliza.Wattenberg@yopmail.com;Feliza.Wattenberg@gmail.com;firefighter
57042009;Berget;Cassius;Berget.Cassius@yopmail.com;Berget.Cassius@gmail.com;developer
74338265;Katleen;Aurelio;Katleen.Aurelio@yopmail.com;Katleen.Aurelio@gmail.com;worker
71931678;Aryn;Felizio;Aryn.Felizio@yopmail.com;Aryn.Felizio@gmail.com;developer
75708002;Marinna;Felizio;Marinna.Felizio@yopmail.com;Marinna.Felizio@gmail.com;police officer
80999772;Elsie;Zrike;Elsie.Zrike@yopmail.com;Elsie.Zrike@gmail.com;worker
87671239;Johna;Sadowski;Johna.Sadowski@yopmail.com;Johna.Sadowski@gmail.com;police officer
67003047;Trudie;Even;Trudie.Even@yopmail.com;Trudie.Even@gmail.com;developer
26891708;Gretal;Brackely;Gretal.Brackely@yopmail.com;Gretal.Brackely@gmail.com;developer
56905687;Bertine;Yate;Bertine.Yate@yopmail.com;Bertine.Yate@gmail.com;firefighter
375185;Korrie;Aaberg;Korrie.Aaberg@yopmail.com;Korrie.Aaberg@gmail.com;doctor
58468462;Tarra;Jalbert;Tarra.Jalbert@yopmail.com;Tarra.Jalbert@gmail.com;developer
4949123;Jobi;Himelman;Jobi.Himelman@yopmail.com;Jobi.Himelman@gmail.com;worker
38033234;Lilith;Salchunas;Lilith.Salchunas@yopmail.com;Lilith.Salchunas@gmail.com;police officer
74800769;Ofilia;Chapland;Ofilia.Chapland@yopmail.com;Ofilia.Chapland@gmail.com;developer
73661335;Gratia;Belanger;Gratia.Belanger@yopmail.com;Gratia.Belanger@gmail.com;firefighter
97761710;Katuscha;Dowski;Katuscha.Dowski@yopmail.com;Katuscha.Dowski@gmail.com;firefighter
95300349;Britte;Tengdin;Britte.Tengdin@yopmail.com;Britte.Tengdin@gmail.com;developer
81091875;Sallie;Dearborn;Sallie.Dearborn@yopmail.com;Sallie.Dearborn@gmail.com;firefighter
1255173;Janis;Jess;Janis.Jess@yopmail.com;Janis.Jess@gmail.com;firefighter
94796400;Gwyneth;Mike;Gwyneth.Mike@yopmail.com;Gwyneth.Mike@gmail.com;doctor
13386450;Ivett;Agle;Ivett.Agle@yopmail.com;Ivett.Agle@gmail.com;developer
25420795;Korrie;Arley;Korrie.Arley@yopmail.com;Korrie.Arley@gmail.com;firefighter
27867176;Sheelagh;Sisile;Sheelagh.Sisile@yopmail.com;Sheelagh.Sisile@gmail.com;worker
24506803;Susan;Poppy;Susan.Poppy@yopmail.com;Susan.Poppy@gmail.com;firefighter
29795483;Teriann;Faust;Teriann.Faust@yopmail.com;Teriann.Faust@gmail.com;doctor
43046116;Augustine;Destinee;Augustine.Destinee@yopmail.com;Augustine.Destinee@gmail.com;police officer
11564611;Fanchon;Ashok;Fanchon.Ashok@yopmail.com;Fanchon.Ashok@gmail.com;firefighter
95825110;Alameda;Center;Alameda.Center@yopmail.com;Alameda.Center@gmail.com;firefighter
62795212;Vita;Oriana;Vita.Oriana@yopmail.com;Vita.Oriana@gmail.com;doctor
83619042;Dione;Gaspard;Dione.Gaspard@yopmail.com;Dione.Gaspard@gmail.com;worker
20021228;Kristan;Bartlett;Kristan.Bartlett@yopmail.com;Kristan.Bartlett@gmail.com;police officer
85769866;Neila;Elephus;Neila.Elephus@yopmail.com;Neila.Elephus@gmail.com;worker
98928180;Gratia;Sheng;Gratia.Sheng@yopmail.com;Gratia.Sheng@gmail.com;police officer
31356151;Ardenia;Charmine;Ardenia.Charmine@yopmail.com;Ardenia.Charmine@gmail.com;police officer
60697625;Goldie;Ogren;Goldie.Ogren@yopmail.com;Goldie.Ogren@gmail.com;worker
84544971;Nariko;Melan;Nariko.Melan@yopmail.com;Nariko.Melan@gmail.com;worker
46556208;Renie;Rurik;Renie.Rurik@yopmail.com;Renie.Rurik@gmail.com;developer
4963578;Ottilie;Schalles;Ottilie.Schalles@yopmail.com;Ottilie.Schalles@gmail.com;firefighter
8234433;Riannon;Vharat;Riannon.Vharat@yopmail.com;Riannon.Vharat@gmail.com;police officer
57644507;Hettie;Rad;Hettie.Rad@yopmail.com;Hettie.Rad@gmail.com;police officer
90601970;Sue;Dorcy;Sue.Dorcy@yopmail.com;Sue.Dorcy@gmail.com;police officer
85503149;Paule;Anderea;Paule.Anderea@yopmail.com;Paule.Anderea@gmail.com;worker
54239822;Karly;Berl;Karly.Berl@yopmail.com;Karly.Berl@gmail.com;worker
38000549;Mady;Sheedy;Mady.Sheedy@yopmail.com;Mady.Sheedy@gmail.com;worker
31544768;Britte;Greenwald;Britte.Greenwald@yopmail.com;Britte.Greenwald@gmail.com;police officer
3274945;Kial;Corabella;Kial.Corabella@yopmail.com;Kial.Corabella@gmail.com;police officer
99987944;Therine;Garrison;Therine.Garrison@yopmail.com;Therine.Garrison@gmail.com;worker
8349771;Harrietta;Pascia;Harrietta.Pascia@yopmail.com;Harrietta.Pascia@gmail.com;worker
56409218;Diena;Nahum;Diena.Nahum@yopmail.com;Diena.Nahum@gmail.com;worker
95774652;Fred;Wildermuth;Fred.Wildermuth@yopmail.com;Fred.Wildermuth@gmail.com;developer
7006643;Catharine;Malvino;Catharine.Malvino@yopmail.com;Catharine.Malvino@gmail.com;worker
88009725;Annabela;Frendel;Annabela.Frendel@yopmail.com;Annabela.Frendel@gmail.com;firefighter
48310638;Wendi;Syd;Wendi.Syd@yopmail.com;Wendi.Syd@gmail.com;developer
28560547;Trudie;Kesley;Trudie.Kesley@yopmail.com;Trudie.Kesley@gmail.com;doctor
45525617;Annaliese;Harned;Annaliese.Harned@yopmail.com;Annaliese.Harned@gmail.com;worker
64919631;Modestia;Israeli;Modestia.Israeli@yopmail.com;Modestia.Israeli@gmail.com;firefighter
59095047;Alexine;Fancie;Alexine.Fancie@yopmail.com;Alexine.Fancie@gmail.com;developer
56322418;Allyce;Allare;Allyce.Allare@yopmail.com;Allyce.Allare@gmail.com;police officer
14222450;Annaliese;Lucienne;Annaliese.Lucienne@yopmail.com;Annaliese.Lucienne@gmail.com;police officer
93791696;Lorenza;Nester;Lorenza.Nester@yopmail.com;Lorenza.Nester@gmail.com;firefighter
31492641;Dianemarie;Naor;Dianemarie.Naor@yopmail.com;Dianemarie.Naor@gmail.com;firefighter
63075739;Thalia;Carri;Thalia.Carri@yopmail.com;Thalia.Carri@gmail.com;doctor
97009326;Collen;Belldas;Collen.Belldas@yopmail.com;Collen.Belldas@gmail.com;worker
44604142;Gerianna;Pauly;Gerianna.Pauly@yopmail.com;Gerianna.Pauly@gmail.com;police officer
86549954;Meriel;Jerald;Meriel.Jerald@yopmail.com;Meriel.Jerald@gmail.com;police officer
81169469;Almeta;Hoban;Almeta.Hoban@yopmail.com;Almeta.Hoban@gmail.com;developer
97336003;Lonnie;Luhe;Lonnie.Luhe@yopmail.com;Lonnie.Luhe@gmail.com;police officer
55364955;Devina;Leopold;Devina.Leopold@yopmail.com;Devina.Leopold@gmail.com;doctor
99092333;Ebonee;Raul;Ebonee.Raul@yopmail.com;Ebonee.Raul@gmail.com;developer
60742973;Carlie;Freddi;Carlie.Freddi@yopmail.com;Carlie.Freddi@gmail.com;worker
80215214;Sherrie;Bates;Sherrie.Bates@yopmail.com;Sherrie.Bates@gmail.com;police officer
76788431;Sabina;Richers;Sabina.Richers@yopmail.com;Sabina.Richers@gmail.com;worker
94265836;Krystle;Atcliffe;Krystle.Atcliffe@yopmail.com;Krystle.Atcliffe@gmail.com;police officer
7302227;Carmela;Melan;Carmela.Melan@yopmail.com;Carmela.Melan@gmail.com;doctor
42169163;Donnie;Glenden;Donnie.Glenden@yopmail.com;Donnie.Glenden@gmail.com;firefighter
37473222;Randa;Roxanna;Randa.Roxanna@yopmail.com;Randa.Roxanna@gmail.com;doctor
60606322;Jasmina;Dash;Jasmina.Dash@yopmail.com;Jasmina.Dash@gmail.com;worker
73717230;Demetris;Helfand;Demetris.Helfand@yopmail.com;Demetris.Helfand@gmail.com;firefighter
44041325;Angela;Shelba;Angela.Shelba@yopmail.com;Angela.Shelba@gmail.com;developer
60513056;Maud;Markman;Maud.Markman@yopmail.com;Maud.Markman@gmail.com;firefighter
62710886;Felice;Aida;Felice.Aida@yopmail.com;Felice.Aida@gmail.com;worker
6898337;Carilyn;Eckblad;Carilyn.Eckblad@yopmail.com;Carilyn.Eckblad@gmail.com;firefighter
30116492;Loree;Faso;Loree.Faso@yopmail.com;Loree.Faso@gmail.com;police officer
41429762;Cristine;Chauncey;Cristine.Chauncey@yopmail.com;Cristine.Chauncey@gmail.com;firefighter
72017900;Gale;Sheedy;Gale.Sheedy@yopmail.com;Gale.Sheedy@gmail.com;worker
76018092;Cherrita;Laurianne;Cherrita.Laurianne@yopmail.com;Cherrita.Laurianne@gmail.com;firefighter
90259909;Selia;Gamaliel;Selia.Gamaliel@yopmail.com;Selia.Gamaliel@gmail.com;worker
58110332;Mady;Lay;Mady.Lay@yopmail.com;Mady.Lay@gmail.com;doctor
74211721;Camile;Standing;Camile.Standing@yopmail.com;Camile.Standing@gmail.com;firefighter
92748535;Marcelline;Velick;Marcelline.Velick@yopmail.com;Marcelline.Velick@gmail.com;developer
15831675;Marline;Telfer;Marline.Telfer@yopmail.com;Marline.Telfer@gmail.com;police officer
14498354;Dione;Trey;Dione.Trey@yopmail.com;Dione.Trey@gmail.com;police officer
93543981;Alleen;Evangelia;Alleen.Evangelia@yopmail.com;Alleen.Evangelia@gmail.com;firefighter
93561142;Gabi;Gilmour;Gabi.Gilmour@yopmail.com;Gabi.Gilmour@gmail.com;doctor
53976760;Emylee;Howlyn;Emylee.Howlyn@yopmail.com;Emylee.Howlyn@gmail.com;police officer
22093827;Marita;Elsinore;Marita.Elsinore@yopmail.com;Marita.Elsinore@gmail.com;doctor
53761623;Anestassia;Pelagias;Anestassia.Pelagias@yopmail.com;Anestassia.Pelagias@gmail.com;firefighter
21074469;Chandra;Mata;Chandra.Mata@yopmail.com;Chandra.Mata@gmail.com;doctor
54331290;Berget;Hebner;Berget.Hebner@yopmail.com;Berget.Hebner@gmail.com;worker
60407657;Carolina;Fitzsimmons;Carolina.Fitzsimmons@yopmail.com;Carolina.Fitzsimmons@gmail.com;worker
2568663;Melanie;Chauncey;Melanie.Chauncey@yopmail.com;Melanie.Chauncey@gmail.com;police officer
10089547;Aryn;Kannry;Aryn.Kannry@yopmail.com;Aryn.Kannry@gmail.com;worker
70249736;Janey;Gusella;Janey.Gusella@yopmail.com;Janey.Gusella@gmail.com;worker
54820194;Therine;Sacken;Therine.Sacken@yopmail.com;Therine.Sacken@gmail.com;firefighter
72818889;Monika;Warthman;Monika.Warthman@yopmail.com;Monika.Warthman@gmail.com;worker
60800567;Tarra;Gaulin;Tarra.Gaulin@yopmail.com;Tarra.Gaulin@gmail.com;police officer
81379203;Mamie;Cleo;Mamie.Cleo@yopmail.com;Mamie.Cleo@gmail.com;doctor
15670779;Jenda;Cimbura;Jenda.Cimbura@yopmail.com;Jenda.Cimbura@gmail.com;police officer
51186848;Sandie;Lymann;Sandie.Lymann@yopmail.com;Sandie.Lymann@gmail.com;police officer
37006926;Vere;Hazlett;Vere.Hazlett@yopmail.com;Vere.Hazlett@gmail.com;worker
19950231;Minne;Damarra;Minne.Damarra@yopmail.com;Minne.Damarra@gmail.com;doctor
55021018;Priscilla;Read;Priscilla.Read@yopmail.com;Priscilla.Read@gmail.com;developer
61007475;Karolina;Raffo;Karolina.Raffo@yopmail.com;Karolina.Raffo@gmail.com;police officer
20512465;Alejandra;Bronk;Alejandra.Bronk@yopmail.com;Alejandra.Bronk@gmail.com;firefighter
22219979;Willetta;Havens;Willetta.Havens@yopmail.com;Willetta.Havens@gmail.com;worker
3194665;Roxane;Rogerio;Roxane.Rogerio@yopmail.com;Roxane.Rogerio@gmail.com;firefighter
96097375;Misha;Kronfeld;Misha.Kronfeld@yopmail.com;Misha.Kronfeld@gmail.com;worker
98106431;Eve;Si;Eve.Si@yopmail.com;Eve.Si@gmail.com;worker
31585538;Fanny;Emmy;Fanny.Emmy@yopmail.com;Fanny.Emmy@gmail.com;developer
47648421;Adelle;Craggie;Adelle.Craggie@yopmail.com;Adelle.Craggie@gmail.com;worker
6281322;Frances;Tound;Frances.Tound@yopmail.com;Frances.Tound@gmail.com;worker
40215209;Justinn;Pulsifer;Justinn.Pulsifer@yopmail.com;Justinn.Pulsifer@gmail.com;worker
43836686;Leontine;Rebecka;Leontine.Rebecka@yopmail.com;Leontine.Rebecka@gmail.com;worker
71818319;Josephine;Martguerita;Josephine.Martguerita@yopmail.com;Josephine.Martguerita@gmail.com;developer
29812134;Ida;Howlyn;Ida.Howlyn@yopmail.com;Ida.Howlyn@gmail.com;police officer
9510396;Olivette;Ralfston;Olivette.Ralfston@yopmail.com;Olivette.Ralfston@gmail.com;police officer
26518166;Tierney;Niles;Tierney.Niles@yopmail.com;Tierney.Niles@gmail.com;firefighter
80251736;Edyth;Warthman;Edyth.Warthman@yopmail.com;Edyth.Warthman@gmail.com;firefighter
7263460;Janeczka;Berne;Janeczka.Berne@yopmail.com;Janeczka.Berne@gmail.com;developer
99297587;Aimil;Gilmour;Aimil.Gilmour@yopmail.com;Aimil.Gilmour@gmail.com;firefighter
23556308;Sara-Ann;Hortensia;Sara-Ann.Hortensia@yopmail.com;Sara-Ann.Hortensia@gmail.com;doctor
37035543;Charlena;Thad;Charlena.Thad@yopmail.com;Charlena.Thad@gmail.com;worker
96666253;Mignon;Monaco;Mignon.Monaco@yopmail.com;Mignon.Monaco@gmail.com;worker
24887687;Maye;Libna;Maye.Libna@yopmail.com;Maye.Libna@gmail.com;developer
60312226;Malina;Bebe;Malina.Bebe@yopmail.com;Malina.Bebe@gmail.com;doctor
33669137;Leeanne;Edee;Leeanne.Edee@yopmail.com;Leeanne.Edee@gmail.com;police officer
8914292;Lulita;Jefferey;Lulita.Jefferey@yopmail.com;Lulita.Jefferey@gmail.com;firefighter
56791759;Dania;Klemperer;Dania.Klemperer@yopmail.com;Dania.Klemperer@gmail.com;developer
26657084;Alisha;Gualtiero;Alisha.Gualtiero@yopmail.com;Alisha.Gualtiero@gmail.com;developer
75063162;Suzette;Koehler;Suzette.Koehler@yopmail.com;Suzette.Koehler@gmail.com;doctor
45051962;Florie;Blisse;Florie.Blisse@yopmail.com;Florie.Blisse@gmail.com;firefighter
58571939;Aimil;Himelman;Aimil.Himelman@yopmail.com;Aimil.Himelman@gmail.com;developer
31445629;Rayna;Goldina;Rayna.Goldina@yopmail.com;Rayna.Goldina@gmail.com;worker
1917804;Viviene;Lowry;Viviene.Lowry@yopmail.com;Viviene.Lowry@gmail.com;developer
50403573;Marti;Regan;Marti.Regan@yopmail.com;Marti.Regan@gmail.com;firefighter
75326759;Corene;Kalinda;Corene.Kalinda@yopmail.com;Corene.Kalinda@gmail.com;firefighter
42851071;Marnia;Talia;Marnia.Talia@yopmail.com;Marnia.Talia@gmail.com;developer
53929333;Annecorinne;Orelee;Annecorinne.Orelee@yopmail.com;Annecorinne.Orelee@gmail.com;worker
57465473;Miquela;Pauly;Miquela.Pauly@yopmail.com;Miquela.Pauly@gmail.com;police officer
71705505;Mady;Lesley;Mady.Lesley@yopmail.com;Mady.Lesley@gmail.com;police officer
7438378;Chandra;Schwejda;Chandra.Schwejda@yopmail.com;Chandra.Schwejda@gmail.com;worker
47172969;Kelly;LaRue;Kelly.LaRue@yopmail.com;Kelly.LaRue@gmail.com;firefighter
50161286;Corry;Israeli;Corry.Israeli@yopmail.com;Corry.Israeli@gmail.com;doctor
7666707;Ellette;Johnsson;Ellette.Johnsson@yopmail.com;Ellette.Johnsson@gmail.com;police officer
36224612;Merrie;Carey;Merrie.Carey@yopmail.com;Merrie.Carey@gmail.com;worker
37803938;Elora;Calhoun;Elora.Calhoun@yopmail.com;Elora.Calhoun@gmail.com;worker
60842638;Caritta;Dulciana;Caritta.Dulciana@yopmail.com;Caritta.Dulciana@gmail.com;developer
30135092;Elie;Neils;Elie.Neils@yopmail.com;Elie.Neils@gmail.com;worker
20587848;Carolina;Hillel;Carolina.Hillel@yopmail.com;Carolina.Hillel@gmail.com;developer
65037896;Jolyn;Imelida;Jolyn.Imelida@yopmail.com;Jolyn.Imelida@gmail.com;worker
4277012;Kathi;Kiyoshi;Kathi.Kiyoshi@yopmail.com;Kathi.Kiyoshi@gmail.com;developer
83171453;Adelle;Edvard;Adelle.Edvard@yopmail.com;Adelle.Edvard@gmail.com;police officer
78283054;Kenna;Revkah;Kenna.Revkah@yopmail.com;Kenna.Revkah@gmail.com;firefighter
93164335;Vevay;Madelene;Vevay.Madelene@yopmail.com;Vevay.Madelene@gmail.com;doctor
56920107;Claresta;Tomasina;Claresta.Tomasina@yopmail.com;Claresta.Tomasina@gmail.com;worker
51379630;Kenna;Kathie;Kenna.Kathie@yopmail.com;Kenna.Kathie@gmail.com;worker
5486093;Maurene;Gregrory;Maurene.Gregrory@yopmail.com;Maurene.Gregrory@gmail.com;firefighter
46432113;Celestyna;Japeth;Celestyna.Japeth@yopmail.com;Celestyna.Japeth@gmail.com;police officer
28334765;Gretal;Diann;Gretal.Diann@yopmail.com;Gretal.Diann@gmail.com;doctor
69835437;Alex;Quinn;Alex.Quinn@yopmail.com;Alex.Quinn@gmail.com;firefighter
31230614;Ileana;Bearnard;Ileana.Bearnard@yopmail.com;Ileana.Bearnard@gmail.com;worker
28302963;Jerry;Lucienne;Jerry.Lucienne@yopmail.com;Jerry.Lucienne@gmail.com;doctor
25341490;Katharina;Lilybelle;Katharina.Lilybelle@yopmail.com;Katharina.Lilybelle@gmail.com;developer
96898127;Babita;Thema;Babita.Thema@yopmail.com;Babita.Thema@gmail.com;doctor
31882588;Ericka;Buckler;Ericka.Buckler@yopmail.com;Ericka.Buckler@gmail.com;police officer
94367783;Roslyn;Brady;Roslyn.Brady@yopmail.com;Roslyn.Brady@gmail.com;worker
62048618;Karlee;Munn;Karlee.Munn@yopmail.com;Karlee.Munn@gmail.com;firefighter
76105739;Paulita;Billye;Paulita.Billye@yopmail.com;Paulita.Billye@gmail.com;developer
91999563;Lorenza;Cleo;Lorenza.Cleo@yopmail.com;Lorenza.Cleo@gmail.com;developer
2829516;Nyssa;Henebry;Nyssa.Henebry@yopmail.com;Nyssa.Henebry@gmail.com;firefighter
40495402;Alie;Henrie;Alie.Henrie@yopmail.com;Alie.Henrie@gmail.com;firefighter
28961697;Leona;Halla;Leona.Halla@yopmail.com;Leona.Halla@gmail.com;firefighter
47581219;Maridel;Talia;Maridel.Talia@yopmail.com;Maridel.Talia@gmail.com;worker
96336451;Marika;Edvard;Marika.Edvard@yopmail.com;Marika.Edvard@gmail.com;police officer